{"type":"FeatureCollection","features":[{"type":"Feature","properties":{"Name":"Kingdom of Kush","FromYear":-630,"ToYear":337,"Area":336379.15609700844,"Type":"POLITY","Wikipedia":"Kingdom of Kush","SeshatID":"","MemberOf":"","Components":""},"geometry":{"type":"Polygon","coordinates":[[[33.84043502807617,22.143402099609375],[33.88322067260742,23.171995162963867],[33.80870819091797,23.171995162963867],[33.8225212097168,23.493436813354492],[33.67897033691406,23.622013092041016],[33.6817741394043,23.68630027770996],[33.38899612426758,23.814878463745117],[33.60275771891429,24.015180579057272],[33.816519313561,24.21548269436943],[34.030280908207715,24.415784809681586],[34.244042502854434,24.61608692499374],[34.457804097501146,24.816389040305896],[34.67156569214786,25.016691155618055],[34.88532728679457,25.21699327093021],[34.77533009452687,25.421399433600996],[34.681806874723954,25.595192255821463],[34.708105958206566,25.546321056242505],[34.942413803675464,25.11091023721544],[35.484873894146205,23.61530182499405],[35.484873894146205,23.61530182499405],[35.484873894146205,23.61530182499405],[35.484873894146205,23.61530182499405],[35.484873894146205,23.61530182499405],[35.665681830295654,23.253612333828695],[35.68051578878906,23.223938376956507],[35.85733656774524,22.870224823613025],[35.87215870452823,22.840574514975064],[36.028575402911784,22.648575478638904],[36.222964852551506,22.509746002841748],[36.41735430219122,22.370916527044614],[36.61174375183095,22.23208705124747],[36.96657028507196,21.701324644874564],[37.047321260262095,21.432051200682796],[37.11593969101268,21.051039483748205],[37.1379469844705,20.782627650901734],[37.15995427792832,20.51421581805526],[37.20023582783013,20.278389531014785],[37.255049700383,20.006450089841856],[37.15387589338121,19.703068763115116],[37.26068565911896,19.44160995046012],[37.367495424856706,19.180151137805126],[37.47430519059446,18.91869232515013],[37.47718658768967,18.904397303116887],[37.50892174570876,18.746954657025356],[37.50892174570876,18.746954657025356],[37.50892174570876,18.746954657025356],[37.50892174570876,18.746954657025356],[37.50892174570876,18.746954657025356],[37.50892174570876,18.746954657025356],[37.50892174570876,18.746954657025356],[37.50892174570876,18.746954657025356],[37.50892174570876,18.746954657025356],[37.29440319144602,18.553459595126],[37.079884637183284,18.359964533226645],[36.865366082920545,18.166469471327293],[36.650847528657806,17.972974409427938],[36.43632897439506,17.779479347528582],[36.22181042013232,17.585984285629227],[36.00729186586958,17.392489223729875],[35.792773311606844,17.19899416183052],[35.578254757344105,17.005499099931164],[35.363736203081366,16.81200403803181],[35.14921764881863,16.618508976132453],[34.93469909455589,16.4250139142331],[34.72018054029314,16.231518852333746],[34.505661986030404,16.03802379043439],[34.291143431767665,15.844528728535037],[34.076624877504926,15.651033666635684],[33.86210632324219,15.457538604736328],[34.098121643066406,15.843266487121582],[34.68425369262695,15.77897834777832],[34.55558776855469,16.228994369506836],[34.71365737915039,16.486146926879883],[35.67131805419922,16.486146926879883],[36.05393600463867,16.807586669921875],[36.00331497192383,17.321889877319336],[35.50127029418945,17.643327713012695],[35.299827575683594,18.093341827392578],[34.93901062011719,18.286205291748047],[35.21614659399216,18.379121420517592],[35.493282567867126,18.47203754928714],[35.7704185417421,18.564953678056686],[36.04755451561707,18.65786980682623],[36.32469048949204,18.75078593559578],[36.60182646336701,18.843702064365324],[36.87896243724199,18.93661819313487],[37.15609841111696,19.029534321904418],[37.43323438499193,19.122450450673963],[37.35997128922698,19.48591912006423],[37.26778279903895,19.943279370977585],[37.209727912272115,20.23129794601084],[37.16224309047307,20.486300328521956],[37.1411577778535,20.743467227177884],[37.12007246523394,21.00063412583382],[37.07558787863502,21.337792900185395],[36.9967103522543,21.600819113154987],[36.917832825873546,21.863845326124686],[36.540412554594994,22.283030519314302],[36.33846867819541,22.427255231884644],[36.13652480179586,22.57147994445498],[35.93458092539626,22.7157046570253],[35.93145813273909,22.72195151383503],[35.79515902088055,22.994605233933143],[35.75510259528953,23.074734394734715],[35.756960987233484,23.071016854172555],[35.27578243657945,22.8258300013733],[35.036122357224414,22.701377804692594],[34.796462277869374,22.57692560801189],[34.55680219851433,22.452473411331184],[34.3171421191593,22.328021214650477],[34.07748203980426,22.20356901796977],[33.83782196044922,22.079116821289062],[33.84043502807617,22.143402099609375]]]}},{"type":"Feature","properties":{"Name":"Early Cheras","FromYear":-291,"ToYear":298,"Area":25180.576989827558,"Type":"POLITY","Wikipedia":"Chera dynasty","SeshatID":"in_cheras_1","MemberOf":"","Components":""},"geometry":{"type":"Polygon","coordinates":[[[75.59337918496678,10.42153760655091],[76.1250576513507,8.764365227021951],[76.88286042424349,7.893287255671037],[76.88857698761521,7.8891459453916575],[76.06061935294525,8.936273114751998],[75.85448915779914,9.562576671231065],[75.795577350896,9.878703281752905],[75.74574307521698,10.082685959756361],[75.67936726204158,10.232327987281963],[75.60112666061495,10.404489930087435],[75.58330698366089,10.443700648673941],[75.59337918496678,10.42153760655091]]]}},{"type":"Feature","properties":{"Name":"Early Pandyas","FromYear":-291,"ToYear":298,"Area":32556.36563924926,"Type":"POLITY","Wikipedia":"Early Pandyas","SeshatID":"in_pandya_emp_1","MemberOf":"","Components":""},"geometry":{"type":"Polygon","coordinates":[[[79.8116672762247,9.816628181513401],[79.6750594410212,9.65930817265037],[75.795577350896,9.878703281752905],[75.85269140270778,9.57512482835183],[76.06061935294525,8.936273114751998],[76.89731280144403,7.882817367668359],[76.87431744117933,7.8994761389702655],[77.26194392300539,8.154002909712718],[77.52553014267541,8.081018529619007],[77.84187316903775,8.173796014798654],[78.17590292511005,8.513872105608156],[78.60238402017654,8.675720893526318],[78.65777064363256,8.705694854284602],[79.12352153364039,8.810503655133235],[79.03221839069738,8.815428846827388],[79.64661705820876,9.553900457806606],[79.6750594410212,9.65930817265037],[79.8116672762247,9.816628181513401]]]}},{"type":"Feature","properties":{"Name":"Anurādhapura","FromYear":-291,"ToYear":77,"Area":73532.27500724063,"Type":"POLITY","Wikipedia":"Anurādhapura","SeshatID":"sl_anuradhapura_1","MemberOf":"","Components":""},"geometry":{"type":"Polygon","coordinates":[[[81.2590103149414,8.643052101135254],[80.98698425292969,8.964489936828613],[80.99517059326172,9.09306526184082],[80.8531723022461,9.157352447509766],[80.86146545410156,9.285927772521973],[80.7195053100586,9.350214958190918],[80.72791290283203,9.478790283203125],[80.4398193359375,9.543078422546387],[80.52141571044922,9.671652793884277],[80.45260620117188,9.735940933227539],[79.87643432617188,9.86451530456543],[79.86360931396484,9.671652793884277],[80.0786361694336,9.607365608215332],[79.99295806884766,9.41450309753418],[80.04952239990234,9.157352447509766],[79.8062515258789,8.771627426147461],[79.76396942138672,8.06446361541748],[79.61796569824219,8.06446361541748],[79.60686492919922,7.871601104736328],[79.74190521240234,7.678738594055176],[79.75935363769531,6.650136470794678],[79.95211029052734,6.135835647583008],[80.23114776611328,5.878684997558594],[80.6685791015625,5.878684997558594],[81.33750915527344,6.135835647583008],[81.87792205810547,6.714424133300781],[81.91669464111328,7.421587944030762],[81.77438354492188,7.485875606536865],[81.65440368652344,7.935888767242432],[81.44681549072266,8.128751754760742],[81.39713287353516,8.514476776123047],[81.25503540039062,8.578764915466309],[81.2590103149414,8.643052101135254]]]}},{"type":"Feature","properties":{"Name":"Early Cholas","FromYear":-291,"ToYear":298,"Area":28856.214614374006,"Type":"POLITY","Wikipedia":"Early Cholas","SeshatID":"in_cholas_1","MemberOf":"","Components":""},"geometry":{"type":"Polygon","coordinates":[[[80.2426722720104,11.45865598529997],[80.17510870773094,11.189902785405247],[80.1075451434515,10.921149585510525],[80.03998157917205,10.652396385615802],[79.9724180148926,10.383643185721079],[79.90485445061316,10.114889985826357],[79.8372908863337,9.846136785931634],[79.6750594410212,9.65930817265037],[75.66533063061654,10.263214428496841],[75.55591300225174,10.503978828731128],[75.58279339622771,10.444830755149148],[75.67936726204158,10.232327987281963],[75.74574307521698,10.082685959756361],[75.795577350896,9.878703281752905],[79.6750594410212,9.65930817265037],[79.8372908863337,9.846136785931634],[79.89039597293271,9.850724322116768],[79.97187683140673,10.122909540311323],[80.05335768988077,10.395094758505879],[80.1348385483548,10.667279976700433],[80.21631940682883,10.93946519489499],[80.29780026530285,11.211650413089544],[80.2426722720104,11.45865598529997]]]}},{"type":"Feature","properties":{"Name":"Hadhramaut","FromYear":-264,"ToYear":183,"Area":86171.17286842132,"Type":"POLITY","Wikipedia":"Hadhramaut","SeshatID":"","MemberOf":"","Components":""},"geometry":{"type":"MultiPolygon","coordinates":[[[[51.271933090491125,14.745475718805],[50.98273046840237,14.674489792960852],[50.75175476074219,15.007523536682129],[49.63019943237305,14.686083793640137],[49.51880854622618,14.420557020443198],[49.40741766007932,14.155030247246259],[49.40741766007932,14.155030247246259],[49.144071619965075,14.038808870174694],[48.88072557985083,13.922587493103128],[48.61737953973659,13.806366116031564],[48.354033499622346,13.690144738959997],[48.0906874595081,13.573923361888433],[48.0906874595081,13.573923361888433],[46.6533088684082,15.328963279724121],[46.579769134521484,15.328963279724121],[46.14939498901367,15.52182674407959],[46.38114929199219,15.714691162109375],[46.46971130371094,15.971842765808105],[46.47349166870117,16.036130905151367],[46.55471420288086,16.16470718383789],[46.698150634765625,16.100418090820312],[48.11691665649414,16.421857833862305],[48.3042834529868,16.218086830797507],[49.499885031336625,14.206603053056186],[49.548014090379354,14.233446582639374],[49.548014090379354,14.233446582639374],[49.5510136546462,14.234723308251654],[49.63621271905382,14.270987184599875],[49.70091949574203,14.298528784557902],[49.615851028435415,14.791689809343916],[49.803217824928076,14.587918806279117],[49.99058462142074,14.384147803214319],[50.69170817355524,14.613320875629938],[50.88130364829533,14.653171258662564],[51.10189271860558,14.817492502960436],[51.32248178891584,14.981813747258308],[51.54307085922609,15.146134991556181],[51.763659929536345,15.310456235854053],[51.9842489998466,15.474777480151925],[52.20483807015685,15.639098724449799],[52.42542714046711,15.80341996874767],[52.64601621077736,15.967741213045542],[52.45619566028029,16.12948671117576],[52.26637510978321,16.291232209305974],[52.07655455928614,16.45297770743619],[51.88673400878906,16.614723205566406],[51.95158767700195,16.486146926879883],[52.18306385492709,16.313345022268436],[52.41454003285222,16.14054311765699],[52.64601621077736,15.967741213045542],[51.60534145242807,14.854307451236366],[51.29232280906046,14.751145623733324],[51.271933090491125,14.745475718805]]],[[[46.70197677612305,16.16470718383789],[46.62834548950195,16.16470718383789],[46.63217544555664,16.228994369506836],[46.705814361572266,16.228994369506836],[46.70197677612305,16.16470718383789]]]]}},{"type":"Feature","properties":{"Name":"Mayan City-States","FromYear":-247,"ToYear":259,"Area":198040.4917217449,"Type":"POLITY","Wikipedia":"Maya civilization","SeshatID":"","MemberOf":"","Components":""},"geometry":{"type":"Polygon","coordinates":[[[-85.19566809804124,21.355536199994106],[-85.19566809804124,21.355536199994106],[-85.19566809804124,21.355536199994106],[-85.19566809804124,21.355536199994106],[-85.2374848975701,21.436695952352952],[-85.27930169709896,21.517855704711803],[-85.32111849662783,21.59901545707065],[-85.36293529615669,21.680175209429496],[-85.39891516835377,21.7500064148378],[-85.39891516835377,21.7500064148378],[-94.36763222382916,18.68387720256959],[-94.36763222382916,18.68387720256959],[-94.36763222382916,18.68387720256959],[-94.36763222382916,18.68387720256959],[-94.36763222382916,18.68387720256959],[-94.36763222382916,18.68387720256959],[-94.36763222382916,18.68387720256959],[-94.36763222382916,18.68387720256959],[-94.36763222382916,18.68387720256959],[-94.36763222382916,18.68387720256959],[-94.36763222382916,18.68387720256959],[-94.36763222382916,18.68387720256959],[-94.36763222382916,18.68387720256959],[-94.36763222382916,18.68387720256959],[-94.36763222382916,18.68387720256959],[-94.36763222382916,18.68387720256959],[-94.36763222382916,18.68387720256959],[-94.36763222382916,18.68387720256959],[-94.36763222382916,18.68387720256959],[-94.36763222382916,18.68387720256959],[-94.36763222382916,18.68387720256959],[-95.08128821522877,17.065069891400384],[-95.08190812711348,15.681708597027239],[-95.08190812711348,15.681708597027239],[-95.08190812711348,15.681708597027239],[-95.08190812711348,15.681708597027239],[-95.08190812711348,15.681708597027239],[-95.08190812711348,15.681708597027239],[-95.08190812711348,15.681708597027239],[-95.08190812711348,15.681708597027239],[-95.08190812711348,15.681708597027239],[-95.08190812711348,15.681708597027239],[-95.08190812711348,15.681708597027239],[-95.08190812711348,15.681708597027239],[-95.08190812711348,15.681708597027239],[-95.08190812711348,15.681708597027239],[-95.08190812711348,15.681708597027239],[-95.08190812711348,15.681708597027239],[-95.08190812711348,15.681708597027239],[-95.08190812711348,15.681708597027239],[-95.08190812711348,15.681708597027239],[-95.11964333248429,15.83013373815249],[-95.17646946372301,16.37504314098865],[-95.13732781656815,16.711661306520558],[-95.08128821522877,17.065069891400384],[-94.36763222382916,18.68387720256959],[-94.36763222382916,18.68387720256959],[-94.36763222382916,18.68387720256959],[-94.36763222382916,18.68387720256959],[-94.36763222382916,18.68387720256959],[-94.36763222382916,18.68387720256959],[-94.36763222382916,18.68387720256959],[-94.36763222382916,18.68387720256959],[-94.36763222382916,18.68387720256959],[-85.19566809804124,21.355536199994106],[-85.19566809804124,21.355536199994106],[-85.19566809804124,21.355536199994106],[-85.19566809804124,21.355536199994106],[-85.19566809804124,21.355536199994106],[-85.19566809804124,21.355536199994106],[-85.19566809804124,21.355536199994106],[-85.2374848975701,21.436695952352952],[-85.27930169709896,21.517855704711803],[-85.32111849662783,21.59901545707065],[-85.36293529615669,21.680175209429496],[-85.39891516835377,21.7500064148378],[-85.39891516835377,21.7500064148378],[-94.36763222382916,18.68387720256959],[-94.36763222382916,18.68387720256959],[-94.36763222382916,18.68387720256959],[-94.36763222382916,18.68387720256959],[-94.36763222382916,18.68387720256959],[-94.36763222382916,18.68387720256959],[-94.36763222382916,18.68387720256959],[-94.36763222382916,18.68387720256959],[-94.36763222382916,18.68387720256959],[-94.36763222382916,18.68387720256959],[-94.36763222382916,18.68387720256959],[-94.36763222382916,18.68387720256959],[-94.36763222382916,18.68387720256959],[-94.36763222382916,18.68387720256959],[-94.36763222382916,18.68387720256959],[-94.36763222382916,18.68387720256959],[-94.36763222382916,18.68387720256959],[-94.36763222382916,18.68387720256959],[-94.36763222382916,18.68387720256959],[-94.36763222382916,18.68387720256959],[-94.36763222382916,18.68387720256959],[-94.36763222382916,18.68387720256959],[-94.36763222382916,18.68387720256959],[-94.36763222382916,18.68387720256959],[-94.36763222382916,18.68387720256959],[-94.36763222382916,18.68387720256959],[-94.36763222382916,18.68387720256959],[-85.39891516835377,21.7500064148378],[-85.39891516835377,21.7500064148378],[-85.36293529615669,21.680175209429496],[-85.32111849662783,21.59901545707065],[-85.27930169709896,21.517855704711803],[-85.2374848975701,21.436695952352952],[-85.19566809804124,21.355536199994106],[-85.19566809804124,21.355536199994106],[-85.19566809804124,21.355536199994106],[-85.19566809804124,21.355536199994106],[-85.19566809804124,21.355536199994106],[-85.19566809804124,21.355536199994106],[-85.19566809804124,21.355536199994106],[-85.19566809804124,21.355536199994106],[-85.19566809804124,21.355536199994106],[-85.19566809804124,21.355536199994106]]]}},{"type":"Feature","properties":{"Name":"Byeonhan","FromYear":-91,"ToYear":533,"Area":13603.437047041301,"Type":"POLITY","Wikipedia":"Byeonhan confederacy","SeshatID":"","MemberOf":"","Components":""},"geometry":{"type":"Polygon","coordinates":[[[128.9154815673828,35.065311431884766],[128.88461303710938,35.00096893310547],[129.14712524414062,35.065311431884766],[129.3177032470703,35.258358001708984],[129.80205933520594,34.97685310194777],[129.80205933520594,34.97685310194777],[129.80205933520594,34.97685310194777],[128.36541560000478,34.38337315991788],[128.36541560000478,34.38337315991788],[128.36541560000478,34.38337315991788],[128.36541560000478,34.38337315991788],[128.36541560000478,34.38337315991788],[127.66411484341245,34.1519376219311],[128.1002248415814,34.26093625641977],[127.66411484341245,34.1519376219311],[127.66411484341245,34.1519376219311],[127.66411484341245,34.1519376219311],[127.66411484341245,34.1519376219311],[127.66411484341245,34.1519376219311],[128.1002248415814,34.26093625641977],[128.36541560000478,34.38337315991788],[128.36541560000478,34.38337315991788],[128.36541560000478,34.38337315991788],[128.36541560000478,34.38337315991788],[128.7561802189898,34.30091007208233],[128.80740356445312,35.00096893310547],[128.36541560000478,34.38337315991788],[128.36541560000478,34.38337315991788],[128.7561802189898,34.30091007208233],[128.8382568359375,35.065311431884766],[128.9154815673828,35.065311431884766]]]}},{"type":"Feature","properties":{"Name":"Jinhan","FromYear":-91,"ToYear":372,"Area":23505.581610644233,"Type":"POLITY","Wikipedia":"Jinhan confederacy","SeshatID":"","MemberOf":"","Components":""},"geometry":{"type":"Polygon","coordinates":[[[129.5524444580078,35.58015823364258],[129.6669158935547,35.9664192199707],[129.57652282714844,36.09519577026367],[130.02540044661703,35.11438679608242],[130.44454282092545,37.22647914807086],[130.44297317866278,37.22866958131158],[129.5167236328125,36.73930740356445],[130.42161522795263,37.26454497667433],[129.53929138183594,36.932613372802734],[130.38251345992762,37.36210702405788],[129.43096923828125,37.3193473815918],[129.35301208496094,37.3193473815918],[130.3692171592554,37.42218261771137],[130.36442396117127,37.45121459036699],[126.04988676081905,37.29843856550758],[126.14997816120706,35.943119381048746],[126.14997816120706,35.943119381048746],[126.14997816120706,35.943119381048746],[128.36541560000478,34.38337315991788],[128.36541560000478,34.38337315991788],[128.36541560000478,34.38337315991788],[128.36541560000478,34.38337315991788],[128.36541560000478,34.38337315991788],[128.36541560000478,34.38337315991788],[128.36541560000478,34.38337315991788],[129.80205933520594,34.97685310194777],[129.80205933520594,34.97685310194777],[129.80205933520594,34.97685310194777],[129.80205933520594,34.97685310194777],[129.80205933520594,34.97685310194777],[129.80205933520594,34.97685310194777],[129.52078247070312,35.51579284667969],[129.5524444580078,35.58015823364258]]]}},{"type":"Feature","properties":{"Name":"Mahan","FromYear":-91,"ToYear":337,"Area":49676.87909476131,"Type":"POLITY","Wikipedia":"Mahan","SeshatID":"","MemberOf":"","Components":""},"geometry":{"type":"Polygon","coordinates":[[[127.66411484341245,34.1519376219311],[127.14627056134009,34.05067876829594],[127.14627056134009,34.05067876829594],[127.66411484341245,34.1519376219311],[127.14627056134009,34.05067876829594],[127.14627056134009,34.05067876829594],[126.62617492675781,34.2933349609375],[126.30570586436806,33.92537405613848],[126.30570586436806,33.92537405613848],[126.30570586436806,33.92537405613848],[126.11663818359375,34.3576545715332],[125.87092578374711,35.31352278974424],[125.87092578374711,35.31352278974424],[125.97581765105599,35.47471214106406],[126.30387878417969,35.258358001708984],[126.51919555664062,35.708900451660156],[126.14997816120706,35.943119381048746],[126.61280822753906,35.902034759521484],[126.14997816120706,35.943119381048746],[126.52062225341797,36.03080368041992],[126.42864227294922,36.15959167480469],[125.90958738455663,36.33310284541312],[125.90958738455663,36.33310284541312],[126.04977416992188,36.80373764038086],[126.68054962158203,37.12596130371094],[126.60265350341797,37.12596130371094],[126.04988676081905,37.29843856550758],[126.04988676081905,37.29843856550758],[126.04988676081905,37.29843856550758],[126.2903060913086,37.5772590637207],[126.04988676081905,37.29843856550758],[126.04988676081905,37.29843856550758],[126.04988676081905,37.29843856550758],[126.04988676081905,37.29843856550758],[126.04988676081905,37.29843856550758],[126.04988676081905,37.29843856550758],[126.04988676081905,37.29843856550758],[126.04988676081905,37.29843856550758],[126.04988676081905,37.29843856550758],[126.04988676081905,37.29843856550758],[126.14997816120706,35.943119381048746],[126.14997816120706,35.943119381048746],[126.14997816120706,35.943119381048746],[128.36541560000478,34.38337315991788],[128.36541560000478,34.38337315991788],[128.36541560000478,34.38337315991788],[127.66411484341245,34.1519376219311],[128.1002248415814,34.26093625641977],[127.66411484341245,34.1519376219311],[127.66411484341245,34.1519376219311],[127.66411484341245,34.1519376219311],[127.66411484341245,34.1519376219311],[127.66411484341245,34.1519376219311]]]}},{"type":"Feature","properties":{"Name":"Zapotec Civilization","FromYear":-91,"ToYear":206,"Area":69767.7808673666,"Type":"POLITY","Wikipedia":"Zapotec civilization","SeshatID":"mx_monte_alban_2","MemberOf":"","Components":""},"geometry":{"type":"MultiPolygon","coordinates":[[[[-95.5889663696289,17.321889877319336],[-95.33331112988549,17.3219253962679],[-95.07765589014205,17.32196091521647],[-95.08028763612158,17.135834425167985],[-95.13096872304902,16.76634951078501],[-95.16386909258529,16.483406332773015],[-95.1773741692349,16.36726267358642],[-95.17406025276493,16.395762355228158],[-95.17410768504318,16.044360191550886],[-95.43333802696598,15.945870899354693],[-95.69256836888877,15.8473816071585],[-95.95179871081157,15.748892314962307],[-96.21102905273438,15.650403022766113],[-96.7260513305664,15.650403022766113],[-97.0493392944336,15.843266487121582],[-97.7215347290039,15.907554626464844],[-98.04580688476562,16.100418090820312],[-98.0434799194336,16.550434112548828],[-97.7695083618164,16.67901039123535],[-97.8957748413086,17.000450134277344],[-98.03260803222656,16.9361629486084],[-98.02313232421875,17.321889877319336],[-98.22529602050781,17.643327713012695],[-98.24739837646484,17.77190399169922],[-98.05928802490234,17.964767456054688],[-97.54241180419922,17.964767456054688],[-96.90778350830078,17.707616806030273],[-96.612548828125,17.707616806030273],[-96.284912109375,17.514753341674805],[-95.98977661132812,17.514753341674805],[-95.66272735595703,17.321889877319336],[-95.5889663696289,17.321889877319336]]],[[[-95.07850365683991,17.262003821682935],[-95.07851840070873,17.26096108253792],[-95.07761165701059,17.325089240506195],[-95.07759691314178,17.32613197965121],[-95.07850365683991,17.262003821682935]]]]}},{"type":"Feature","properties":{"Name":"Caucasian Iberia","FromYear":-63,"ToYear":67,"Area":35867.973092615815,"Type":"POLITY","Wikipedia":"Kingdom of Iberia","SeshatID":"","MemberOf":"","Components":""},"geometry":{"type":"Polygon","coordinates":[[[44.82474899291992,42.691246032714844],[44.689697265625,42.82133865356445],[43.78324508666992,42.691246032714844],[43.73988342285156,42.88639831542969],[43.20268249511719,43.016544342041016],[42.91782760620117,43.211830139160156],[42.67676544189453,43.211830139160156],[42.596412658691406,43.211830139160156],[42.4921989440918,43.08163070678711],[42.57249069213867,43.08163070678711],[42.60515594482422,42.82133865356445],[42.75360870361328,42.75628662109375],[42.71809768676758,42.56119155883789],[42.9345703125,42.43117141723633],[43.12761304718656,43.02993559610168],[43.340591961650055,42.95566299941266],[43.90697519365344,42.75814695202376],[44.43753027730832,42.58261956493602],[44.63760907853342,42.518873966161244],[44.67734703561109,42.50621335517951],[44.77427673339844,41.586883544921875],[45.07451629638672,41.911441802978516],[45.313819885253906,41.911441802978516],[45.53632354736328,42.236209869384766],[45.696144104003906,42.236209869384766],[45.708900451660156,42.30118942260742],[45.68020248413086,42.56119155883789],[45.44002914428711,42.56119155883789],[45.157962799072266,42.75628662109375],[44.83738327026367,42.75628662109375],[44.82474899291992,42.691246032714844]]]}},{"type":"Feature","properties":{"Name":"Kingdom of Armenia","FromYear":-63,"ToYear":59,"Area":217689.10682796888,"Type":"POLITY","Wikipedia":"Kingdom of Armenia (antiquity)","SeshatID":"","MemberOf":"","Components":""},"geometry":{"type":"Polygon","coordinates":[[[48.22469711303711,39.70827102661133],[48.673282623291016,39.57893371582031],[48.80645751953125,39.449623107910156],[48.782222747802734,39.320335388183594],[48.92751693725586,39.25570297241211],[48.74217987060547,38.67427444458008],[48.82062911987305,38.67427444458008],[48.80677032470703,38.157840728759766],[48.795413970947266,38.09331130981445],[48.32598876953125,38.09331130981445],[47.25161361694336,38.67427444458008],[46.12089157104492,38.48057174682617],[45.85390853881836,38.28691864013672],[45.634883880615234,37.89975357055664],[45.22376251220703,37.7707405090332],[45.17365264892578,37.44829177856445],[45.25165939331055,37.44829177856445],[45.290000915527344,37.1904182434082],[45.44583511352539,37.1904182434082],[45.2508544921875,36.932613372802734],[44.80312728881836,37.06150817871094],[44.773807525634766,37.38381576538086],[44.63739776611328,37.51277160644531],[43.94475173950195,37.5772590637207],[43.88600158691406,37.706241607666016],[42.880123138427734,37.7707405090332],[42.50818634033203,37.89975357055664],[42.02996826171875,37.835243225097656],[41.970237731933594,37.96426773071289],[41.66663360595703,38.028785705566406],[40.57164001464844,38.028785705566406],[40.54695510864258,38.416015625],[40.46860122680664,38.416015625],[40.6575927734375,39.19107437133789],[40.50969314575195,39.25570297241211],[40.478416442871094,39.57893371582031],[39.848045349121094,39.57893371582031],[39.750633239746094,39.449623107910156],[39.20852279663086,39.51427459716797],[38.95417022705078,39.38497543334961],[38.74488830566406,39.57893371582031],[38.92983627319336,39.77294921875],[38.790401458740234,39.90232849121094],[40.15145492553711,40.031734466552734],[40.230430603027344,40.031734466552734],[40.487056732177734,40.16116714477539],[40.50690841674805,40.29063034057617],[40.754215240478516,40.355369567871094],[41.71803139412307,43.504724609559055],[42.25928651934089,43.33560390685972],[42.189372421317906,43.357449282238804],[42.25017166137695,41.26253128051758],[42.93497537522471,43.097114547373806],[43.12761304718656,43.02993559610168],[43.340591961650055,42.95566299941266],[43.90697519365344,42.75814695202376],[44.43753027730832,42.58261956493602],[44.63760907853342,42.518873966161244],[45.38008793180671,42.32942260503754],[45.620367187741245,42.26897479257894],[45.91598673596832,42.1925218054505],[45.91598673596832,42.1925218054505],[46.43073809213935,42.03092838032229],[46.84265238108085,41.88779668753017],[46.884091298941485,41.871142116298984],[47.30036374944211,41.67614509851728],[47.317174087687604,41.66765031642803],[47.56873531611366,41.54052867340234],[47.84052226256742,41.40406592844516],[47.93630682173862,41.35668084515082],[48.145851135253906,39.70827102661133],[48.22469711303711,39.70827102661133]]]}},{"type":"Feature","properties":{"Name":"Caucasian Albania","FromYear":-63,"ToYear":126,"Area":50113.16358892663,"Type":"POLITY","Wikipedia":"Caucasian Albania","SeshatID":"","MemberOf":"","Components":""},"geometry":{"type":"Polygon","coordinates":[[[47.50918197631836,41.32738494873047],[47.35015106201172,41.32738494873047],[46.81643295288086,41.84651184082031],[46.43056869506836,41.911441802978516],[46.229713439941406,42.10627746582031],[45.68342208862305,42.17123794555664],[45.696144104003906,42.236209869384766],[45.53632354736328,42.236209869384766],[45.313819885253906,41.911441802978516],[45.07451629638672,41.911441802978516],[44.77427673339844,41.586883544921875],[44.67734703561109,42.50621335517951],[44.63760907853342,42.518873966161244],[45.38008793180671,42.32942260503754],[45.620367187741245,42.26897479257894],[45.91598673596832,42.1925218054505],[45.91598673596832,42.1925218054505],[46.43073809213935,42.03092838032229],[46.84265238108085,41.88779668753017],[46.884091298941485,41.871142116298984],[47.30036374944211,41.67614509851728],[47.317174087687604,41.66765031642803],[47.56873531611366,41.54052867340234],[47.84052226256742,41.40406592844516],[47.93630682173862,41.35668084515082],[48.145851135253906,39.70827102661133],[48.15799331665039,39.77294921875],[48.1903076171875,40.355369567871094],[48.11119842529297,40.355369567871094],[48.20009231567383,40.80876541137695],[48.38459014892578,40.93837356567383],[48.34434509277344,41.132843017578125],[47.960174560546875,41.19768524169922],[47.98626708984375,41.32738494873047],[47.496280670166016,41.26253128051758],[47.50918197631836,41.32738494873047]]]}},{"type":"Feature","properties":{"Name":"Kingdom of Gordyene","FromYear":-63,"ToYear":113,"Area":14346.87844663018,"Type":"POLITY","Wikipedia":"Corduene","SeshatID":"","MemberOf":"","Components":""},"geometry":{"type":"Polygon","coordinates":[[[42.85201644897461,37.5772590637207],[42.773963928222656,37.5772590637207],[42.764678955078125,37.51277160644531],[41.984378814697266,37.51277160644531],[41.177772521972656,37.3193473815918],[40.18118667602539,37.44829177856445],[40.050636291503906,37.641746520996094],[40.09366226196289,37.96426773071289],[40.41521072387695,38.028785705566406],[40.49342727661133,38.028785705566406],[40.57164001464844,38.028785705566406],[41.66663360595703,38.028785705566406],[41.970237731933594,37.96426773071289],[42.02996826171875,37.835243225097656],[42.50818634033203,37.89975357055664],[42.880123138427734,37.7707405090332],[42.870723724365234,37.706241607666016],[42.861351013183594,37.641746520996094],[42.85201644897461,37.5772590637207]]]}},{"type":"Feature","properties":{"Name":"Kingdom of Commagene","FromYear":-63,"ToYear":22,"Area":9645.666506708701,"Type":"POLITY","Wikipedia":"Commagene","SeshatID":"","MemberOf":"","Components":""},"geometry":{"type":"Polygon","coordinates":[[[38.731510162353516,37.706241607666016],[39.12200164794922,37.706241607666016],[39.45965576171875,37.89975357055664],[39.41549301147461,38.157840728759766],[39.510986328125,38.28691864013672],[39.232208251953125,38.54513168334961],[39.24962615966797,38.67427444458008],[38.96189880371094,38.8680305480957],[38.7263298034668,38.8680305480957],[38.36138153076172,38.48057174682617],[38.31162643432617,38.09331130981445],[38.38986587524414,38.09331130981445],[38.4434814453125,37.89975357055664],[38.73969650268555,37.7707405090332],[38.731510162353516,37.706241607666016]]]}},{"type":"Feature","properties":{"Name":"Kingdom of Sophene","FromYear":-63,"ToYear":22,"Area":23760.894016594837,"Type":"POLITY","Wikipedia":"Kingdom of Sophene","SeshatID":"","MemberOf":"","Components":""},"geometry":{"type":"Polygon","coordinates":[[[40.49342727661133,38.028785705566406],[40.57164001464844,38.028785705566406],[40.54695510864258,38.416015625],[40.46860122680664,38.416015625],[40.6575927734375,39.19107437133789],[40.50969314575195,39.25570297241211],[40.478416442871094,39.57893371582031],[39.848045349121094,39.57893371582031],[39.750633239746094,39.449623107910156],[39.20852279663086,39.51427459716797],[38.95417022705078,39.38497543334961],[38.9273681640625,39.19107437133789],[38.752479553222656,39.06184005737305],[38.74372863769531,38.997230529785156],[38.73501205444336,38.93262481689453],[38.7263298034668,38.8680305480957],[38.96189880371094,38.8680305480957],[39.24962615966797,38.67427444458008],[39.232208251953125,38.54513168334961],[39.510986328125,38.28691864013672],[39.41549301147461,38.157840728759766],[39.45965576171875,37.89975357055664],[39.495750427246094,37.5772590637207],[40.18118667602539,37.44829177856445],[40.050636291503906,37.641746520996094],[40.09366226196289,37.96426773071289],[40.41521072387695,38.028785705566406],[40.49342727661133,38.028785705566406]]]}},{"type":"Feature","properties":{"Name":"Lazica","FromYear":-63,"ToYear":67,"Area":28524.879275035903,"Type":"POLITY","Wikipedia":"Lazica","SeshatID":"","MemberOf":"","Components":""},"geometry":{"type":"Polygon","coordinates":[[[42.9345703125,42.43117141723633],[42.71809768676758,42.56119155883789],[42.75360870361328,42.75628662109375],[42.60515594482422,42.82133865356445],[42.57249069213867,43.08163070678711],[42.4921989440918,43.08163070678711],[42.596412658691406,43.211830139160156],[42.51605987548828,43.211830139160156],[41.6438102722168,43.276947021484375],[40.735965728759766,43.6026611328125],[40.17222213745117,43.6026611328125],[39.988922119140625,43.472347259521484],[40.219173431396484,43.407203674316406],[40.41570281982422,43.146724700927734],[40.81732177734375,43.146724700927734],[41.11582565307617,43.016544342041016],[41.608699798583984,42.62621307373047],[41.48331832885742,42.36617660522461],[41.700584411621094,42.236209869384766],[41.598209381103516,42.10627746582031],[41.75791549682617,42.10627746582031],[41.7817268371582,41.781593322753906],[41.60022735595703,41.65177917480469],[41.567359924316406,41.45711898803711],[41.40821838378906,41.45711898803711],[41.307071685791016,41.32738494873047],[41.22755813598633,41.32738494873047],[41.99834055845032,43.417139142677776],[41.50366217711161,43.57170646511838],[41.71803139412307,43.504724609559055],[42.25928651934089,43.33560390685972],[42.189372421317906,43.357449282238804],[42.25017166137695,41.26253128051758],[42.93497537522471,43.097114547373806],[43.12761304718656,43.02993559610168],[42.9345703125,42.43117141723633]]]}},{"type":"Feature","properties":{"Name":"Cimmerian Bosporus","FromYear":-63,"ToYear":67,"Area":24805.12746611103,"Type":"POLITY","Wikipedia":"Bosporan Kingdom","SeshatID":"","MemberOf":"","Components":""},"geometry":{"type":"MultiPolygon","coordinates":[[[[36.504822239463095,44.79251512113833],[36.682943079023445,44.91660576527569],[36.56670893554993,44.83756528850867],[36.14038693977299,44.55251828133382],[36.085257607086795,44.522459545274465],[35.83462834376809,44.385806360703405],[35.68274987070885,44.29602692265047],[35.68274987070885,44.29602692265047],[35.76075280039612,44.345526434369106],[36.451630097798244,44.753794119108655],[36.504822239463095,44.79251512113833]]],[[[39.09326171875,46.283294677734375],[38.86196517944336,45.889827728271484],[38.69868850708008,45.889827728271484],[38.38789367675781,45.496795654296875],[38.117279052734375,44.842647552490234],[37.933799743652344,44.71194839477539],[37.52848815917969,44.71194839477539],[37.25600814819336,45.03877639770508],[36.778892517089844,45.10417556762695],[36.74873733520508,45.431331634521484],[36.911563873291016,45.431331634521484],[36.972293853759766,45.300437927246094],[37.704429626464844,45.300437927246094],[37.747013092041016,45.56227111816406],[37.59468460083008,45.62776184082031],[37.7577018737793,45.62776184082031],[37.89311981201172,45.95537567138672],[38.334564208984375,46.1520881652832],[38.36785888671875,46.348915100097656],[37.89856719970703,46.480194091796875],[37.83858108520508,46.61152267456055],[38.494598388671875,46.61152267456055],[38.62202453613281,46.87434005737305],[38.78630065917969,46.87434005737305],[38.89152145385742,47.005828857421875],[39.2203369140625,47.005828857421875],[39.1968879699707,47.33478927612305],[38.35022735595703,47.20316696166992],[38.49021911621094,47.53233337402344],[39.24447250366211,47.598209381103516],[39.715274810791016,47.46647262573242],[39.73744583129883,47.13737487792969],[39.54915237426758,47.005828857421875],[39.59585952758789,46.808616638183594],[39.43165588378906,46.808616638183594],[39.291465759277344,46.480194091796875],[39.104679107666016,46.348915100097656],[39.09326171875,46.283294677734375]]]]}},{"type":"Feature","properties":{"Name":"Kingdom of Adiabene","FromYear":-63,"ToYear":116,"Area":13459.438906690708,"Type":"POLITY","Wikipedia":"Adiabene","SeshatID":"","MemberOf":"","Components":""},"geometry":{"type":"Polygon","coordinates":[[[42.62268829345703,37.06150817871094],[44.54173744582889,42.54941890442979],[35.437909373067555,36.05111430496254],[35.437909373067555,36.05111430496254],[35.437909373067555,36.05111430496254],[41.177772521972656,37.3193473815918],[41.984378814697266,37.51277160644531],[42.764678955078125,37.51277160644531],[42.62268829345703,37.06150817871094]]]}},{"type":"Feature","properties":{"Name":"Teotihuacan","FromYear":-50,"ToYear":105,"Area":5674.000581128501,"Type":"POLITY","Wikipedia":"Teotihuacan","SeshatID":"","MemberOf":"","Components":""},"geometry":{"type":"Polygon","coordinates":[[[-98.8683090209961,19.186227798461914],[-98.51416778564453,18.864791870117188],[-98.29232025146484,18.864791870117188],[-98.20240020751953,19.186227798461914],[-98.0544204711914,19.186227798461914],[-98.0154037475586,19.379087448120117],[-98.42073059082031,19.571949005126953],[-98.44432067871094,19.700523376464844],[-98.74053955078125,19.700523376464844],[-98.71688079833984,19.571949005126953],[-98.87679290771484,19.6362361907959],[-98.8413314819336,19.443374633789062],[-98.9893798828125,19.443374633789062],[-98.85659790039062,19.12194061279297],[-98.8683090209961,19.186227798461914]]]}},{"type":"Feature","properties":{"Name":"Kingdom of Axum","FromYear":-50,"ToYear":237,"Area":97003.90299438157,"Type":"POLITY","Wikipedia":"Kingdom of Aksum","SeshatID":"et_aksum_emp_1","MemberOf":"","Components":""},"geometry":{"type":"MultiPolygon","coordinates":[[[[40.7958575221301,14.745321899105855],[41.056081077571534,14.658554032572948],[41.28354413662574,14.473534898738508],[41.62894622000052,14.016157077611332],[42.26520105579469,13.54634476145853],[42.414231534172494,13.23037265587984],[42.217369079589844,13.271754264831543],[41.91841125488281,13.143178939819336],[41.91289520263672,13.014603614807129],[41.47023010253906,12.950316429138184],[41.3182258605957,12.821741104125977],[41.187477443316595,13.069996169031462],[41.05672902603748,13.31825123393695],[40.92598060875837,13.566506298842436],[40.79523219147926,13.814761363747923],[40.66448377420015,14.063016428653409],[40.533735356921035,14.311271493558896],[40.40298693964193,14.559526558464382],[40.27223852236281,14.80778162336987],[40.141490105083705,15.056036688275356],[39.929820183208705,15.201544500775341],[39.718150261333705,15.347052313275327],[39.718150261333705,15.347052313275327],[39.718150261333705,15.347052313275327],[39.718150261333705,15.347052313275327],[39.479991081646205,15.624884344525327],[39.479991081646205,15.624884344525327],[39.479991081646205,15.624884344525327],[39.281626823833705,15.902716375775356],[39.479991081646205,15.624884344525327],[39.479991081646205,15.624884344525327],[39.479991081646205,15.624884344525327],[39.56218886444107,15.542781259636934],[39.73439025878906,15.200387001037598],[39.807918548583984,15.200387001037598],[39.85801477526822,15.48691682720981],[39.97023010253906,15.52182674407959],[40.310516357421875,14.943235397338867],[40.59837944049355,14.919945492522007],[40.73707518035547,14.788998515163932],[40.7958575221301,14.745321899105855]]],[[[39.479991081646205,15.624884344525327],[39.479991081646205,15.624884344525327],[39.479991081646205,15.624884344525327],[39.479991081646205,15.624884344525327],[39.479991081646205,15.624884344525327]]]]}},{"type":"Feature","properties":{"Name":"Great Yuan","FromYear":-50,"ToYear":42,"Area":51348.21334834588,"Type":"POLITY","Wikipedia":"Yuan dynasty","SeshatID":"","MemberOf":"","Components":""},"geometry":{"type":"Polygon","coordinates":[[[71.92003631591797,41.32738494873047],[71.62983703613281,41.65177917480469],[70.01571655273438,41.586883544921875],[69.81880950927734,41.71668243408203],[69.39952087402344,41.65177917480469],[68.97801208496094,41.32738494873047],[68.89849853515625,41.32738494873047],[68.85665130615234,40.93837356567383],[69.3316421508789,40.42012023925781],[69.27286529541016,40.225894927978516],[68.99703216552734,40.0964469909668],[68.95865631103516,39.9670295715332],[69.33419799804688,39.90232849121094],[69.59239959716797,39.70827102661133],[70.55796813964844,39.77294921875],[70.75484466552734,39.90232849121094],[70.8140869140625,40.0964469909668],[70.95221710205078,40.031734466552734],[70.91268920898438,39.90232849121094],[71.07054138183594,39.90232849121094],[71.20909881591797,40.0964469909668],[71.7823257446289,40.16116714477539],[66.24002385471101,25.01173146131822],[66.24002385471101,25.01173146131822],[58.74061119883373,51.3086001648378],[58.74061119883373,51.3086001648378],[71.99954986572266,41.32738494873047],[71.92003631591797,41.32738494873047]]]}},{"type":"Feature","properties":{"Name":"Wusun","FromYear":-50,"ToYear":5,"Area":185864.9983743297,"Type":"POLITY","Wikipedia":"Wusun","SeshatID":"","MemberOf":"","Components":""},"geometry":{"type":"Polygon","coordinates":[[[77.71977996826172,46.283294677734375],[77.61009979248047,46.414546966552734],[77.36439514160156,46.414546966552734],[77.39138793945312,46.480194091796875],[75.50687408447266,46.480194091796875],[75.53316497802734,46.54585266113281],[74.88140106201172,46.348915100097656],[74.7525863647461,46.02093505859375],[74.3186264038086,45.95537567138672],[74.1169662475586,45.431331634521484],[74.25473022460938,45.36587905883789],[74.13007354736328,45.03877639770508],[73.94288635253906,44.973392486572266],[74.02407836914062,44.973392486572266],[73.97464752197266,44.842647552490234],[74.0875015258789,44.71194839477539],[74.44326782226562,44.58129119873047],[74.56269836425781,44.25482940673828],[74.99827575683594,44.12431716918945],[74.7947998046875,43.79821014404297],[75.20498657226562,43.6026611328125],[75.10762786865234,43.342071533203125],[75.18804168701172,43.342071533203125],[75.13961791992188,43.211830139160156],[75.25201416015625,43.08163070678711],[75.62925720214844,43.016544342041016],[58.7575789722714,51.33637116093166],[58.7575789722714,51.33637116093166],[58.7575789722714,51.33637116093166],[58.7575789722714,51.33637116093166],[58.7575789722714,51.33637116093166],[58.7575789722714,51.33637116093166],[66.24002385471101,25.01173146131822],[66.24002385471101,25.01173146131822],[66.24002385471101,25.01173146131822],[66.24002385471101,25.01173146131822],[66.24002385471101,25.01173146131822],[66.24002385471101,25.01173146131822],[66.24002385471101,25.01173146131822],[66.24002385471101,25.01173146131822],[66.24002385471101,25.01173146131822],[66.24002385471101,25.01173146131822],[66.24002385471101,25.01173146131822],[66.24002385471101,25.01173146131822],[66.81367236805943,24.38536339021846],[67.84211265294527,23.378132102930067],[68.12814397281306,23.160382955893965],[68.61992298425798,22.649570069735887],[68.61992298425798,22.649570069735887],[72.3639010838599,20.87096274243669],[72.3639010838599,20.87096274243669],[72.3639010838599,20.87096274243669],[72.40809668739871,20.829277962868105],[72.40809668739871,20.829277962868105],[72.40809668739871,20.829277962868105],[72.43566003717694,20.73976326426117],[83.88772859029768,17.680384414892387],[85.15946227126261,18.86472101546252],[85.15946227126261,18.86472101546252],[85.46433672003783,19.121590562970198],[85.56124021310785,19.179453072790764],[87.32594373745314,21.096675077137604],[87.32594373745314,21.096675077137604],[87.3482674898143,21.11730644347699],[87.32594373745314,21.096675077137604],[87.32594373745314,21.096675077137604],[85.56124021310785,19.179453072790764],[85.46433672003783,19.121590562970198],[85.15946227126261,18.86472101546252],[85.15946227126261,18.86472101546252],[83.88772859029768,17.680384414892387],[72.43566003717694,20.73976326426117],[72.40809668739871,20.829277962868105],[72.40809668739871,20.829277962868105],[72.40809668739871,20.829277962868105],[72.3639010838599,20.87096274243669],[72.3639010838599,20.87096274243669],[72.3639010838599,20.87096274243669],[68.61992298425798,22.649570069735887],[68.61992298425798,22.649570069735887],[68.12814397281306,23.160382955893965],[67.84211265294527,23.378132102930067],[66.81367236805943,24.38536339021846],[66.24002385471101,25.01173146131822],[66.81367236805943,24.38536339021846],[67.84211265294527,23.378132102930067],[68.12814397281306,23.160382955893965],[68.61992298425798,22.649570069735887],[68.61992298425798,22.649570069735887],[72.3639010838599,20.87096274243669],[72.3639010838599,20.87096274243669],[72.3639010838599,20.87096274243669],[72.40809668739871,20.829277962868105],[72.40809668739871,20.829277962868105],[72.40809668739871,20.829277962868105],[72.43566003717694,20.73976326426117],[83.88772859029768,17.680384414892387],[85.15946227126261,18.86472101546252],[85.15946227126261,18.86472101546252],[85.46433672003783,19.121590562970198],[85.56124021310785,19.179453072790764],[87.32594373745314,21.096675077137604],[87.32594373745314,21.096675077137604],[87.3482674898143,21.11730644347699],[87.3482674898143,21.11730644347699],[87.3482674898143,21.11730644347699],[87.3482674898143,21.11730644347699],[87.3482674898143,21.11730644347699],[87.3482674898143,21.11730644347699],[87.3482674898143,21.11730644347699],[87.3482674898143,21.11730644347699],[87.3482674898143,21.11730644347699],[87.3482674898143,21.11730644347699],[87.3482674898143,21.11730644347699],[87.3482674898143,21.11730644347699],[87.3482674898143,21.11730644347699],[87.3482674898143,21.11730644347699],[87.3482674898143,21.11730644347699],[87.3482674898143,21.11730644347699],[82.71925304357515,36.81144353521595],[87.3482674898143,21.11730644347699],[87.3482674898143,21.11730644347699],[87.3482674898143,21.11730644347699],[87.3482674898143,21.11730644347699],[87.3482674898143,21.11730644347699],[80.73538970947266,43.53750228881836],[80.35716247558594,43.99384307861328],[58.7575789722714,51.33637116093166],[58.7575789722714,51.33637116093166],[58.7575789722714,51.33637116093166],[58.7575789722714,51.33637116093166],[58.7575789722714,51.33637116093166],[58.7575789722714,51.33637116093166],[58.7575789722714,51.33637116093166],[58.7575789722714,51.33637116093166],[58.7575789722714,51.33637116093166],[77.99649810791016,45.56227111816406],[78.02180480957031,45.82429504394531],[77.83050537109375,45.95537567138672],[77.8016128540039,46.283294677734375],[77.71977996826172,46.283294677734375]],[[66.24002385471101,25.01173146131822],[66.24002385471101,25.01173146131822],[58.7575789722714,51.33637116093166],[58.7575789722714,51.33637116093166],[66.24002385471101,25.01173146131822],[66.24002385471101,25.01173146131822],[66.24002385471101,25.01173146131822],[66.24002385471101,25.01173146131822],[66.24002385471101,25.01173146131822]]]}},{"type":"Feature","properties":{"Name":"Xiongnu","FromYear":-40,"ToYear":5,"Area":2403942.790837957,"Type":"POLITY","Wikipedia":"Xiongnu","SeshatID":"mn_hunnu_late","MemberOf":"","Components":""},"geometry":{"type":"MultiPolygon","coordinates":[[[[121.02660925784744,38.30357743066605],[121.02660925784744,38.30357743066605],[121.02660925784744,38.30357743066605],[121.02660925784744,38.30357743066605],[121.02660925784744,38.30357743066605],[121.02660925784744,38.30357743066605],[121.02660925784744,38.30357743066605],[121.02660925784744,38.30357743066605],[121.02660925784744,38.30357743066605],[121.02660925784744,38.30357743066605],[121.02660925784744,38.30357743066605],[121.02660925784744,38.30357743066605],[121.02660925784744,38.30357743066605],[121.02660925784744,38.30357743066605],[121.02660925784744,38.30357743066605],[121.02660925784744,38.30357743066605],[121.02660925784744,38.30357743066605],[121.02660925784744,38.30357743066605],[121.02660925784744,38.30357743066605],[121.02660925784744,38.30357743066605],[121.02660925784744,38.30357743066605],[121.02660925784744,38.30357743066605],[121.02660925784744,38.30357743066605],[121.02660925784744,38.30357743066605],[121.02660925784744,38.30357743066605],[121.02660925784744,38.30357743066605],[121.02660925784744,38.30357743066605],[121.02660925784744,38.30357743066605],[121.02660925784744,38.30357743066605],[121.02660925784744,38.30357743066605],[121.02660925784744,38.30357743066605],[121.02660925784744,38.30357743066605],[121.02660925784744,38.30357743066605],[121.02660925784744,38.30357743066605],[121.02660925784744,38.30357743066605],[121.02660925784744,38.30357743066605],[121.02660925784744,38.30357743066605],[121.02660925784744,38.30357743066605],[121.02660925784744,38.30357743066605],[121.02660925784744,38.30357743066605],[121.02660925784744,38.30357743066605],[121.02660925784744,38.30357743066605],[121.02660925784744,38.30357743066605],[121.02660925784744,38.30357743066605],[121.02660925784744,38.30357743066605],[121.02660925784744,38.30357743066605],[121.02660925784744,38.30357743066605],[121.02660925784744,38.30357743066605],[121.02660925784744,38.30357743066605],[121.02660925784744,38.30357743066605],[121.02660925784744,38.30357743066605],[121.02660925784744,38.30357743066605],[121.02660925784744,38.30357743066605],[121.02660925784744,38.30357743066605],[121.02660925784744,38.30357743066605],[121.02660925784744,38.30357743066605],[121.02660925784744,38.30357743066605],[121.02660925784744,38.30357743066605],[121.02660925784744,38.30357743066605],[121.02660925784744,38.30357743066605],[121.02660925784744,38.30357743066605],[121.02660925784744,38.30357743066605],[121.02660925784744,38.30357743066605],[121.02660925784744,38.30357743066605],[121.02660925784744,38.30357743066605],[121.02660925784744,38.30357743066605],[120.98936483508396,38.22536414286219],[120.98936483508396,38.22536414286219],[120.98936483508396,38.22536414286219],[120.98936483508396,38.22536414286219],[120.98936483508396,38.22536414286219],[120.98936483508396,38.22536414286219],[120.98936483508396,38.22536414286219],[120.98936483508396,38.22536414286219],[120.98936483508396,38.22536414286219],[120.98936483508396,38.22536414286219],[120.98936483508396,38.22536414286219],[120.98936483508396,38.22536414286219],[120.98936483508396,38.22536414286219],[120.98936483508396,38.22536414286219],[120.98936483508396,38.22536414286219],[120.68246632599578,38.3512945746351],[120.37556781690759,38.477225006408005],[120.06866930781942,38.603155438180906],[119.76177079873123,38.72908586995381],[119.45487228964305,38.85501630172672],[119.14797378055486,38.98094673349963],[118.84107527146668,39.106877165272536],[118.53417676237851,39.232807597045436],[118.22727825329032,39.358738028818344],[117.92037974420214,39.48466846059125],[117.61348123511395,39.61059889236416],[120.98936483508396,38.22536414286219],[120.98936483508396,38.22536414286219],[120.98936483508396,38.22536414286219],[120.98936483508396,38.22536414286219],[116.07898868967304,40.24025105122869],[115.77209018058485,40.3661814830016],[115.46519167149668,40.4921119147745],[115.1582931624085,40.618042346547405],[114.85139465332031,40.74397277832031],[115.05366516113281,40.6791877746582],[115.35045014483038,40.5564965930684],[115.64723512852792,40.4338054114786],[115.94402011222549,40.3111142298888],[116.24080509592304,40.188423048299],[120.98936483508396,38.22536414286219],[120.98936483508396,38.22536414286219],[120.98936483508396,38.22536414286219],[120.98936483508396,38.22536414286219],[117.72473001441082,39.57496714035],[118.02151499810839,39.4522759587602],[118.31829998180595,39.329584777170396],[118.6150849655035,39.206893595580596],[118.91186994920106,39.084202413990795],[119.20865493289861,38.961511232400994],[119.50543991659617,38.838820050811194],[119.80222490029374,38.71612886922139],[120.09900988399129,38.59343768763159],[120.39579486768885,38.47074650604179],[120.6925798513864,38.34805532445199],[120.98936483508396,38.22536414286219],[120.98936483508396,38.22536414286219],[120.8895032126829,37.956169919490584],[120.98936483508396,38.22536414286219],[120.98936483508396,38.22536414286219],[120.98936483508396,38.22536414286219],[121.28977744381746,36.22782386699595],[121.11517434524751,36.05161245993173],[120.59078139465002,35.649492975320754],[120.1904718558754,36.07181035588932],[120.09061023347434,35.80261613251771],[119.99074861107327,35.53342190914611],[119.8908869886722,35.26422768577449],[119.79102536627113,34.99503346240289],[119.79102536627113,34.99503346240289],[119.79102536627113,34.99503346240289],[119.79102536627113,34.99503346240289],[119.79102536627113,34.99503346240289],[119.79102536627113,34.99503346240289],[119.79102536627113,34.99503346240289],[119.79102536627113,34.99503346240289],[119.79102536627113,34.99503346240289],[119.79102536627113,34.99503346240289],[119.79102536627113,34.99503346240289],[119.79102536627113,34.99503346240289],[119.79102536627113,34.99503346240289],[119.79102536627113,34.99503346240289],[119.79102536627113,34.99503346240289],[119.79102536627113,34.99503346240289],[119.79102536627113,34.99503346240289],[119.79102536627113,34.99503346240289],[119.79102536627113,34.99503346240289],[119.79102536627113,34.99503346240289],[119.79102536627113,34.99503346240289],[119.79102536627113,34.99503346240289],[119.79102536627113,34.99503346240289],[119.79102536627113,34.99503346240289],[119.79102536627113,34.99503346240289],[119.79102536627113,34.99503346240289],[119.79102536627113,34.99503346240289],[119.79102536627113,34.99503346240289],[119.79102536627113,34.99503346240289],[119.79102536627113,34.99503346240289],[114.10702155333392,32.352382419107606],[112.68602060009962,31.691719658283787],[119.79102536627113,34.99503346240289],[108.63803446489436,21.201388804329042],[108.42301774039672,29.70973137581233],[108.63803446489436,21.201388804329042],[108.02391993903723,21.059917173526912],[108.02391993903723,21.059917173526912],[108.02391993903723,21.059917173526912],[107.01146116403254,20.294113860688412],[106.30187568122403,19.56350110829942],[91.37100630158511,21.78177824592649],[91.37100630158511,21.78177824592649],[91.37100630158511,21.78177824592649],[91.37100630158511,21.78177824592649],[91.37100630158511,21.78177824592649],[91.37100630158511,21.78177824592649],[91.37100630158511,21.78177824592649],[91.37100630158511,21.78177824592649],[91.37100630158511,21.78177824592649],[91.37100630158511,21.78177824592649],[91.37100630158511,21.78177824592649],[106.30187568122403,19.56350110829942],[107.01146116403254,20.294113860688412],[108.02391993903723,21.059917173526912],[108.02391993903723,21.059917173526912],[108.02391993903723,21.059917173526912],[108.63803446489436,21.201388804329042],[108.42301774039672,29.70973137581233],[108.63803446489436,21.201388804329042],[119.79102536627113,34.99503346240289],[112.68602060009962,31.691719658283787],[114.10702155333392,32.352382419107606],[119.79102536627113,34.99503346240289],[119.79102536627113,34.99503346240289],[119.79102536627113,34.99503346240289],[119.79102536627113,34.99503346240289],[119.79102536627113,34.99503346240289],[119.79102536627113,34.99503346240289],[119.79102536627113,34.99503346240289],[114.10702155333392,32.352382419107606],[112.68602060009962,31.691719658283787],[119.79102536627113,34.99503346240289],[108.63803446489436,21.201388804329042],[108.42301774039672,29.70973137581233],[108.63803446489436,21.201388804329042],[108.02391993903723,21.059917173526912],[108.02391993903723,21.059917173526912],[108.02391993903723,21.059917173526912],[107.01146116403254,20.294113860688412],[106.30187568122403,19.56350110829942],[91.37100630158511,21.78177824592649],[91.37100630158511,21.78177824592649],[91.37100630158511,21.78177824592649],[91.37100630158511,21.78177824592649],[91.37100630158511,21.78177824592649],[91.37100630158511,21.78177824592649],[91.37100630158511,21.78177824592649],[91.37100630158511,21.78177824592649],[91.37100630158511,21.78177824592649],[91.37100630158511,21.78177824592649],[91.37100630158511,21.78177824592649],[91.37100630158511,21.78177824592649],[91.37100630158511,21.78177824592649],[91.37100630158511,21.78177824592649],[91.37100630158511,21.78177824592649],[91.37100630158511,21.78177824592649],[93.68692016601562,40.74397277832031],[93.71527099609375,40.80876541137695],[93.26779174804688,40.873565673828125],[93.2961654663086,40.93837356567383],[92.32095336914062,41.06801223754883],[92.34925842285156,41.132843017578125],[91.27023315429688,41.39224624633789],[90.77527618408203,41.71668243408203],[90.5362319946289,41.71668243408203],[90.43372344970703,41.84651184082031],[90.19451141357422,41.84651184082031],[90.22297668457031,41.911441802978516],[89.61315155029297,41.97637939453125],[89.64155578613281,42.041324615478516],[88.81988525390625,42.17123794555664],[88.84820556640625,42.236209869384766],[88.07719421386719,42.30118942260742],[91.37100630158511,21.78177824592649],[87.88483054398534,21.254125121919742],[87.88483054398534,21.254125121919742],[87.88483054398534,21.254125121919742],[87.61654901689982,21.185715782698367],[87.3482674898143,21.11730644347699],[87.32594373745314,21.096675077137604],[87.32594373745314,21.096675077137604],[85.56124021310785,19.179453072790764],[85.46433672003783,19.121590562970198],[85.15946227126261,18.86472101546252],[85.15946227126261,18.86472101546252],[83.88772859029768,17.680384414892387],[72.43566003717694,20.73976326426117],[72.40809668739871,20.829277962868105],[72.40809668739871,20.829277962868105],[72.40809668739871,20.829277962868105],[72.3639010838599,20.87096274243669],[72.3639010838599,20.87096274243669],[72.3639010838599,20.87096274243669],[68.61992298425798,22.649570069735887],[68.61992298425798,22.649570069735887],[68.12814397281306,23.160382955893965],[67.84211265294527,23.378132102930067],[66.81367236805943,24.38536339021846],[66.24002385471101,25.01173146131822],[66.24002385471101,25.01173146131822],[66.81367236805943,24.38536339021846],[67.84211265294527,23.378132102930067],[68.12814397281306,23.160382955893965],[68.61992298425798,22.649570069735887],[68.61992298425798,22.649570069735887],[72.3639010838599,20.87096274243669],[72.3639010838599,20.87096274243669],[72.3639010838599,20.87096274243669],[72.40809668739871,20.829277962868105],[72.40809668739871,20.829277962868105],[72.40809668739871,20.829277962868105],[72.43566003717694,20.73976326426117],[83.88772859029768,17.680384414892387],[85.15946227126261,18.86472101546252],[85.15946227126261,18.86472101546252],[85.46433672003783,19.121590562970198],[85.56124021310785,19.179453072790764],[87.32594373745314,21.096675077137604],[87.32594373745314,21.096675077137604],[87.3482674898143,21.11730644347699],[87.32594373745314,21.096675077137604],[87.32594373745314,21.096675077137604],[85.56124021310785,19.179453072790764],[85.46433672003783,19.121590562970198],[85.15946227126261,18.86472101546252],[85.15946227126261,18.86472101546252],[83.88772859029768,17.680384414892387],[72.43566003717694,20.73976326426117],[72.40809668739871,20.829277962868105],[72.40809668739871,20.829277962868105],[72.40809668739871,20.829277962868105],[72.3639010838599,20.87096274243669],[72.3639010838599,20.87096274243669],[72.3639010838599,20.87096274243669],[68.61992298425798,22.649570069735887],[68.61992298425798,22.649570069735887],[68.12814397281306,23.160382955893965],[67.84211265294527,23.378132102930067],[66.81367236805943,24.38536339021846],[66.24002385471101,25.01173146131822],[66.81367236805943,24.38536339021846],[67.84211265294527,23.378132102930067],[68.12814397281306,23.160382955893965],[68.61992298425798,22.649570069735887],[68.61992298425798,22.649570069735887],[72.3639010838599,20.87096274243669],[72.3639010838599,20.87096274243669],[72.3639010838599,20.87096274243669],[72.40809668739871,20.829277962868105],[72.40809668739871,20.829277962868105],[72.40809668739871,20.829277962868105],[72.43566003717694,20.73976326426117],[83.88772859029768,17.680384414892387],[85.15946227126261,18.86472101546252],[85.15946227126261,18.86472101546252],[85.46433672003783,19.121590562970198],[85.56124021310785,19.179453072790764],[87.32594373745314,21.096675077137604],[87.32594373745314,21.096675077137604],[87.3482674898143,21.11730644347699],[87.3482674898143,21.11730644347699],[87.3482674898143,21.11730644347699],[87.3482674898143,21.11730644347699],[87.3482674898143,21.11730644347699],[87.3482674898143,21.11730644347699],[87.3482674898143,21.11730644347699],[87.3482674898143,21.11730644347699],[87.3482674898143,21.11730644347699],[87.3482674898143,21.11730644347699],[87.3482674898143,21.11730644347699],[87.3482674898143,21.11730644347699],[87.3482674898143,21.11730644347699],[87.3482674898143,21.11730644347699],[87.3482674898143,21.11730644347699],[87.3482674898143,21.11730644347699],[82.71925304357515,36.81144353521595],[87.3482674898143,21.11730644347699],[87.3482674898143,21.11730644347699],[87.3482674898143,21.11730644347699],[87.3482674898143,21.11730644347699],[87.3482674898143,21.11730644347699],[80.73538970947266,43.53750228881836],[80.35716247558594,43.99384307861328],[58.7575789722714,51.33637116093166],[58.7575789722714,51.33637116093166],[58.7575789722714,51.33637116093166],[58.7575789722714,51.33637116093166],[58.7575789722714,51.33637116093166],[58.7575789722714,51.33637116093166],[58.7575789722714,51.33637116093166],[58.7575789722714,51.33637116093166],[58.7575789722714,51.33637116093166],[77.99649810791016,45.56227111816406],[78.02180480957031,45.82429504394531],[77.83050537109375,45.95537567138672],[77.8016128540039,46.283294677734375],[77.88345336914062,46.283294677734375],[78.97484588623047,46.348915100097656],[79.0855941772461,46.61152267456055],[79.80072784423828,46.94007873535156],[85.32438659667969,48.191749572753906],[80.21234965374572,72.64199575425971],[80.21234965374572,72.64199575425971],[80.21234965374572,72.64199575425971],[80.21234965374572,72.64199575425971],[80.21234965374572,72.64199575425971],[80.21234965374572,72.64199575425971],[80.21234965374572,72.64199575425971],[80.21234965374572,72.64199575425971],[80.21234965374572,72.64199575425971],[80.21234965374572,72.64199575425971],[80.21234965374572,72.64199575425971],[80.21234965374572,72.64199575425971],[80.21234965374572,72.64199575425971],[85.3249089554493,74.17839303116705],[85.3249089554493,74.17839303116705],[85.3249089554493,74.17839303116705],[85.3249089554493,74.17839303116705],[85.3249089554493,74.17839303116705],[85.3249089554493,74.17839303116705],[85.3249089554493,74.17839303116705],[85.3249089554493,74.17839303116705],[85.54852478279474,74.26670837542537],[97.0289445004949,76.43690390123322],[97.0289445004949,76.43690390123322],[97.0289445004949,76.43690390123322],[97.45212599221429,76.47148914598756],[97.0289445004949,76.43690390123322],[97.45212599221429,76.47148914598756],[97.45212599221429,76.47148914598756],[97.45212599221429,76.47148914598756],[97.45212599221429,76.47148914598756],[97.45212599221429,76.47148914598756],[97.45212599221429,76.47148914598756],[121.02660925784744,38.30357743066605],[121.02660925784744,38.30357743066605],[121.02660925784744,38.30357743066605],[121.02660925784744,38.30357743066605],[121.02660925784744,38.30357743066605],[121.02660925784744,38.30357743066605],[121.02660925784744,38.30357743066605]]],[[[77.8016128540039,46.283294677734375],[77.71977996826172,46.283294677734375],[77.74681091308594,46.348915100097656],[77.82868194580078,46.348915100097656],[77.8016128540039,46.283294677734375]]],[[[121.02660925784744,38.30357743066605],[121.02660925784744,38.30357743066605],[121.02660925784744,38.30357743066605],[121.02660925784744,38.30357743066605],[121.02660925784744,38.30357743066605]]]]}},{"type":"Feature","properties":{"Name":"Kingdom of Osroene","FromYear":-36,"ToYear":22,"Area":50220.016240398334,"Type":"POLITY","Wikipedia":"Osroene","SeshatID":"","MemberOf":"","Components":""},"geometry":{"type":"Polygon","coordinates":[[[35.437909373067555,36.05111430496254],[35.437909373067555,36.05111430496254],[35.437909373067555,36.05111430496254],[35.437909373067555,36.05111430496254],[35.437909373067555,36.05111430496254],[39.497074127197266,35.708900451660156],[38.42798614501953,35.837650299072266],[38.07014083862305,36.09519577026367],[38.2078857421875,36.61045455932617],[38.130165100097656,36.61045455932617],[38.176177978515625,36.9970588684082],[37.95802688598633,37.12596130371094],[37.989139556884766,37.38381576538086],[38.332977294921875,37.641746520996094],[38.4434814453125,37.89975357055664],[38.52164840698242,37.89975357055664],[38.51347732543945,37.835243225097656],[38.59162139892578,37.835243225097656],[38.58345413208008,37.7707405090332],[38.66157531738281,37.7707405090332],[38.73969650268555,37.7707405090332],[38.731510162353516,37.706241607666016],[39.12200164794922,37.706241607666016],[39.45965576171875,37.89975357055664],[39.495750427246094,37.5772590637207],[40.18118667602539,37.44829177856445],[41.177772521972656,37.3193473815918],[35.437909373067555,36.05111430496254]]]}},{"type":"Feature","properties":{"Name":"Han Dynasty","FromYear":-36,"ToYear":5,"Area":4465348.6991795115,"Type":"POLITY","Wikipedia":"Han dynasty","SeshatID":"cn_western_han_dyn","MemberOf":"(Han Dynasty)","Components":""},"geometry":{"type":"MultiPolygon","coordinates":[[[[110.1685791015625,18.414779663085938],[109.94689178466797,18.414779663085938],[109.84064483642578,18.2219181060791],[109.24968719482422,18.2219181060791],[109.12333679199219,18.350492477416992],[108.76459503173828,18.414779663085938],[108.63818359375,18.543354034423828],[108.70427703857422,19.379087448120117],[109.20277404785156,19.700523376464844],[109.2463607788086,19.95766830444336],[110.15737915039062,20.08624267578125],[110.59095001220703,20.021955490112305],[110.613037109375,20.150527954101562],[110.90947723388672,20.150527954101562],[111.08741760253906,19.893383026123047],[111.03193664550781,19.571949005126953],[110.88386535644531,19.571949005126953],[110.85066986083984,19.379087448120117],[110.68057250976562,19.25051498413086],[110.50775909423828,18.67193031311035],[110.35990905761719,18.67193031311035],[110.1794204711914,18.479066848754883],[110.1685791015625,18.414779663085938]]],[[[107.01146116403254,20.294113860688412],[107.01146116403254,20.294113860688412],[107.01146116403254,20.294113860688412],[107.01146116403254,20.294113860688412],[107.01146116403254,20.294113860688412]]],[[[87.3482674898143,21.11730644347699],[87.61654901689982,21.185715782698367],[87.88483054398534,21.254125121919742],[87.88483054398534,21.254125121919742],[87.88483054398534,21.254125121919742],[91.37100630158511,21.78177824592649],[88.07719421386719,42.30118942260742],[88.84820556640625,42.236209869384766],[88.81988525390625,42.17123794555664],[89.64155578613281,42.041324615478516],[89.61315155029297,41.97637939453125],[90.22297668457031,41.911441802978516],[90.19451141357422,41.84651184082031],[90.43372344970703,41.84651184082031],[90.5362319946289,41.71668243408203],[90.77527618408203,41.71668243408203],[91.27023315429688,41.39224624633789],[92.34925842285156,41.132843017578125],[92.32095336914062,41.06801223754883],[93.2961654663086,40.93837356567383],[93.26779174804688,40.873565673828125],[93.71527099609375,40.80876541137695],[93.68692016601562,40.74397277832031],[91.37100630158511,21.78177824592649],[91.37100630158511,21.78177824592649],[91.37100630158511,21.78177824592649],[91.37100630158511,21.78177824592649],[91.37100630158511,21.78177824592649],[91.37100630158511,21.78177824592649],[91.37100630158511,21.78177824592649],[91.37100630158511,21.78177824592649],[91.37100630158511,21.78177824592649],[91.37100630158511,21.78177824592649],[91.37100630158511,21.78177824592649],[91.37100630158511,21.78177824592649],[91.37100630158511,21.78177824592649],[91.37100630158511,21.78177824592649],[91.37100630158511,21.78177824592649],[91.37100630158511,21.78177824592649],[106.30187568122403,19.56350110829942],[107.01146116403254,20.294113860688412],[108.02391993903723,21.059917173526912],[108.02391993903723,21.059917173526912],[108.02391993903723,21.059917173526912],[108.63803446489436,21.201388804329042],[108.42301774039672,29.70973137581233],[108.63803446489436,21.201388804329042],[119.79102536627113,34.99503346240289],[112.68602060009962,31.691719658283787],[114.10702155333392,32.352382419107606],[119.79102536627113,34.99503346240289],[119.79102536627113,34.99503346240289],[119.79102536627113,34.99503346240289],[119.79102536627113,34.99503346240289],[119.79102536627113,34.99503346240289],[119.79102536627113,34.99503346240289],[119.79102536627113,34.99503346240289],[114.10702155333392,32.352382419107606],[112.68602060009962,31.691719658283787],[119.79102536627113,34.99503346240289],[108.63803446489436,21.201388804329042],[108.42301774039672,29.70973137581233],[108.63803446489436,21.201388804329042],[108.02391993903723,21.059917173526912],[108.02391993903723,21.059917173526912],[108.02391993903723,21.059917173526912],[107.01146116403254,20.294113860688412],[106.30187568122403,19.56350110829942],[91.37100630158511,21.78177824592649],[91.37100630158511,21.78177824592649],[91.37100630158511,21.78177824592649],[91.37100630158511,21.78177824592649],[91.37100630158511,21.78177824592649],[91.37100630158511,21.78177824592649],[91.37100630158511,21.78177824592649],[91.37100630158511,21.78177824592649],[91.37100630158511,21.78177824592649],[91.37100630158511,21.78177824592649],[91.37100630158511,21.78177824592649],[106.30187568122403,19.56350110829942],[107.01146116403254,20.294113860688412],[108.02391993903723,21.059917173526912],[108.02391993903723,21.059917173526912],[108.02391993903723,21.059917173526912],[108.63803446489436,21.201388804329042],[108.42301774039672,29.70973137581233],[108.63803446489436,21.201388804329042],[119.79102536627113,34.99503346240289],[112.68602060009962,31.691719658283787],[114.10702155333392,32.352382419107606],[119.79102536627113,34.99503346240289],[119.79102536627113,34.99503346240289],[119.79102536627113,34.99503346240289],[119.79102536627113,34.99503346240289],[119.79102536627113,34.99503346240289],[119.79102536627113,34.99503346240289],[119.79102536627113,34.99503346240289],[119.79102536627113,34.99503346240289],[119.79102536627113,34.99503346240289],[119.79102536627113,34.99503346240289],[119.79102536627113,34.99503346240289],[119.79102536627113,34.99503346240289],[119.79102536627113,34.99503346240289],[119.79102536627113,34.99503346240289],[119.79102536627113,34.99503346240289],[119.79102536627113,34.99503346240289],[119.79102536627113,34.99503346240289],[119.79102536627113,34.99503346240289],[119.79102536627113,34.99503346240289],[119.79102536627113,34.99503346240289],[119.79102536627113,34.99503346240289],[119.79102536627113,34.99503346240289],[119.79102536627113,34.99503346240289],[119.79102536627113,34.99503346240289],[119.79102536627113,34.99503346240289],[119.79102536627113,34.99503346240289],[119.79102536627113,34.99503346240289],[119.79102536627113,34.99503346240289],[119.79102536627113,34.99503346240289],[119.79102536627113,34.99503346240289],[119.8908869886722,35.26422768577449],[119.99074861107327,35.53342190914611],[120.09061023347434,35.80261613251771],[120.1904718558754,36.07181035588932],[120.59078139465002,35.649492975320754],[121.11517434524751,36.05161245993173],[121.28977744381746,36.22782386699595],[120.98936483508396,38.22536414286219],[120.98936483508396,38.22536414286219],[120.98936483508396,38.22536414286219],[120.8895032126829,37.956169919490584],[120.98936483508396,38.22536414286219],[120.98936483508396,38.22536414286219],[120.69786435150847,38.32862745274789],[120.40636386793298,38.431890762633586],[120.1148633843575,38.53515407251929],[119.82336290078202,38.63841738240499],[119.53186241720653,38.741680692290686],[119.24036193363104,38.84494400217638],[118.94886145005555,38.94820731206208],[118.65736096648007,39.051470621947786],[118.36586048290458,39.15473393183348],[118.07435999932909,39.25799724171918],[117.7828595157536,39.36126055160488],[120.98936483508396,38.22536414286219],[120.98936483508396,38.22536414286219],[120.98936483508396,38.22536414286219],[120.98936483508396,38.22536414286219],[120.98936483508396,38.22536414286219],[116.03385661430067,39.98084041091907],[115.7423561307252,40.08410372080478],[115.45085564714971,40.187367030690474],[115.15935516357422,40.29063034057617],[115.29240417480469,40.0964469909668],[115.45040893554688,40.0964469909668],[115.54975891113281,39.8376350402832],[115.83605395976183,39.75277867726104],[120.98936483508396,38.22536414286219],[120.98936483508396,38.22536414286219],[120.98936483508396,38.22536414286219],[120.98936483508396,38.22536414286219],[120.98936483508396,38.22536414286219],[120.98936483508396,38.22536414286219],[117.84011930016487,39.158784136105936],[118.12641434879389,39.073927773083774],[118.41270939742289,38.98907141006162],[118.6990044460519,38.90421504703946],[118.9852994946809,38.8193586840173],[119.27159454330992,38.73450232099514],[119.55788959193892,38.649645957972986],[119.84418464056793,38.564789594950824],[120.13047968919693,38.47993323192867],[120.41677473782595,38.39507686890651],[120.70306978645495,38.31022050588435],[120.98936483508396,38.22536414286219],[120.74304320642993,38.363048556043125],[120.49672157777589,38.50073296922405],[120.25039994912186,38.63841738240499],[120.00407832046783,38.776101795585916],[119.75775669181378,38.91378620876685],[119.51143506315975,39.051470621947786],[119.26511343450572,39.189155035128714],[119.01879180585168,39.32683944830965],[118.77247017719765,39.46452386149058],[118.52614854854362,39.60220827467151],[118.27982691988957,39.739892687852446],[118.03350529123554,39.877577101033374],[117.78718366258151,40.01526151421431],[117.54086203392747,40.15294592739524],[117.29454040527344,40.29063034057617],[118.23637390136719,40.42012023925781],[118.70475769042969,40.54964065551758],[118.77798461914062,40.6791877746582],[119.17418670654297,40.6791877746582],[119.44353203421883,40.594095248096366],[119.71287736189468,40.509002721534536],[119.98222268957053,40.423910194972706],[120.2515680172464,40.33881766841087],[120.52091334492226,40.25372514184903],[120.79025867259811,40.1686326152872],[121.05960400027396,40.08354008872537],[121.32894932794983,39.998447562163534],[121.5982946556257,39.9133550356017],[122.58546951270432,38.98672235306839],[122.58546951270432,38.98672235306839],[122.69467415598905,39.03745961675497],[122.88368502494103,39.12527542759593],[122.94502129400497,39.48789240279253],[123.21436662168082,39.4027998762307],[123.48371194935669,39.317707349668865],[123.75766321343804,39.37277319661513],[123.75766321343804,39.37277319661513],[123.75766321343804,39.37277319661513],[123.75766321343804,39.37277319661513],[123.75766321343804,39.37277319661513],[123.75766321343804,39.37277319661513],[124.04171752929688,41.521995544433594],[124.00180053710938,41.45711898803711],[124.28016662597656,41.39224624633789],[124.2403793334961,41.32738494873047],[124.47891998291016,41.32738494873047],[124.43917083740234,41.26253128051758],[124.7173843383789,41.19768524169922],[124.67777252197266,41.132843017578125],[125.8306655883789,41.32738494873047],[125.79044342041016,41.26253128051758],[126.10839080810547,41.26253128051758],[126.18696594238281,41.132843017578125],[124.7531636616443,39.06842139512918],[124.7531636616443,39.06842139512918],[124.7531636616443,39.06842139512918],[124.7531636616443,39.06842139512918],[124.7531636616443,39.06842139512918],[124.7531636616443,39.06842139512918],[124.7531636616443,39.06842139512918],[124.7531636616443,39.06842139512918],[124.7531636616443,39.06842139512918],[124.7531636616443,39.06842139512918],[124.7531636616443,39.06842139512918],[126.04988676081905,37.29843856550758],[126.04988676081905,37.29843856550758],[126.04988676081905,37.29843856550758],[126.04988676081905,37.29843856550758],[126.04988676081905,37.29843856550758],[125.84493255615234,37.7707405090332],[125.80167354928369,37.42202758711272],[125.80167354928369,37.42202758711272],[125.38711547851562,37.641746520996094],[125.23096466064453,37.641746520996094],[125.00785444414214,37.44237642876794],[125.00785444414214,37.44237642876794],[124.89665222167969,37.89975357055664],[124.86432923142547,37.499337018177414],[124.76374053955078,38.09331130981445],[124.46755450626529,38.51945657386466],[124.46755450626529,38.51945657386466],[124.96138000488281,38.60969924926758],[124.70858716155738,38.84418876620998],[124.70858716155738,38.84418876620998],[125.03155517578125,38.738853454589844],[125.39002990722656,39.38497543334961],[124.7531636616443,39.06842139512918],[124.86974334716797,39.57893371582031],[124.5465615043289,39.17502015785203],[124.51239776611328,39.64360046386719],[124.3446044921875,39.90232849121094],[124.03396606445312,39.77294921875],[123.75766321343804,39.37277319661513],[123.01040951232788,39.17251624260635],[122.17044830322266,39.25570297241211],[121.95193481445312,38.997230529785156],[121.9823807560698,38.562652196428985],[121.70204395469506,38.650752825509414],[121.42170715332031,38.738853454589844],[121.02933502197266,38.738853454589844],[121.20073699951172,39.06184005737305],[121.51512908935547,39.06184005737305],[121.71540091310287,38.915831376951324],[121.91567273685025,38.769822696529594],[122.11594456059765,38.62381401610787],[121.91109133975976,38.814104370418306],[121.9823807560698,38.562652196428985],[121.50138489808398,39.194685079039175],[121.2965316772461,39.38497543334961],[121.20963287353516,39.51427459716797],[121.28069305419922,39.64360046386719],[121.42103059457334,39.42741081037955],[121.56136813494746,39.21122115689191],[121.9823807560698,38.562652196428985],[121.84204321569568,38.778841849916624],[121.9823807560698,38.562652196428985],[121.88656988805897,38.83058745538538],[121.9823807560698,38.562652196428985],[121.9823807560698,38.562652196428985],[122.11594456059765,38.62381401610787],[121.50332641601562,39.90232849121094],[121.7764663696289,39.9670295715332],[122.23056030273438,40.4848747253418],[122.10609436035156,40.6791877746582],[121.82695770263672,40.74397277832031],[121.94880884027673,40.49920562657167],[122.64648024885487,39.015068380441164],[122.65316733230725,39.0181752475689],[122.65985441575963,39.02128211469663],[122.666541499212,39.024388981824366],[122.55806452847675,39.27536986782848],[122.67991566611676,39.03060271607984],[122.50545438089502,39.235376378051875],[122.58546951270432,38.98672235306839],[122.58546951270432,38.98672235306839],[122.58546951270432,38.98672235306839],[121.80760924000805,40.054471025939996],[121.63314795478631,40.25924468791203],[121.45868666956457,40.464018349884064],[121.28422538434283,40.66879201185609],[121.1097640991211,40.873565673828125],[120.9967269897461,40.6791877746582],[120.64734649658203,40.4848747253418],[120.50029754638672,40.225894927978516],[119.38044738769531,39.77294921875],[119.21530151367188,39.320335388183594],[118.98941802978516,39.19107437133789],[118.44984436035156,39.06184005737305],[118.0568618774414,39.06184005737305],[118.04566192626953,39.19107437133789],[117.77603912353516,39.1264533996582],[117.57643127441406,38.738853454589844],[117.6549072265625,38.738853454589844],[117.60245513916016,38.48057174682617],[117.75920867919922,38.48057174682617],[117.77266693115234,38.351463317871094],[118.05360412597656,38.28691864013672],[118.34718019688731,38.28076319040927],[118.64075626779804,38.274607740681816],[118.93433233870878,38.26845229095436],[119.22790840961952,38.262296841226906],[119.52148448053026,38.256141391499455],[119.81506055144101,38.249985941772],[120.10863662235174,38.24383049204455],[120.40221269326248,38.23767504231709],[120.69578876417322,38.23151959258964],[120.98936483508396,38.22536414286219],[120.72199098486414,38.21069160585689],[120.4546171346443,38.196019068851584],[120.18724328442447,38.18134653184628],[119.91986943420463,38.16667399484098],[119.6524955839848,38.15200145783567],[119.38512173376496,38.13732892083036],[119.11774788354514,38.12265638382506],[118.8503740333253,38.10798384681976],[118.58300018310547,38.09331130981445],[118.64759826660156,38.22237777709961],[118.80416870117188,38.22237777709961],[118.77176666259766,38.157840728759766],[119.4571304321289,37.96426773071289],[119.3928451538086,37.835243225097656],[119.23655700683594,37.835243225097656],[118.98403930664062,37.3193473815918],[119.13996124267578,37.3193473815918],[120.37232849557222,35.510830563641434],[120.37232849557222,35.510830563641434],[120.37232849557222,35.510830563641434],[120.37232849557222,35.510830563641434],[120.37232849557222,35.510830563641434],[120.37232849557222,35.510830563641434],[120.21828258896016,35.73689516588523],[120.37232849557222,35.510830563641434],[120.27644025903957,35.75077166075097],[120.39200567629068,35.51966363769022],[120.57105083102638,35.63798952576797],[120.57863996681533,35.64421776855062],[120.57863996681533,35.64421776855062],[120.57863996681533,35.64421776855062],[119.70111083984375,37.1904182434082],[119.82661437988281,37.44829177856445],[120.05916447092304,37.603706251424],[120.29171456196327,37.75912072428355],[120.5242646530035,37.914535197143096],[120.75681474404374,38.06994967000264],[120.98936483508396,38.22536414286219],[120.78904167746043,38.09558350906315],[120.5887185198369,37.9658028752641],[120.38839536221337,37.83602224146506],[120.18807220458984,37.706241607666016],[120.75377655029297,37.89975357055664],[121.11202239990234,37.835243225097656],[121.17103576660156,37.641746520996094],[121.48333740234375,37.641746520996094],[121.69796527116193,37.922143301611584],[121.92574197395987,37.74970118266614],[122.15351867675781,37.5772590637207],[122.41069384446394,37.856264264536264],[122.71288299560547,37.44829177856445],[122.84156912533246,37.19690180249256],[122.97025525505944,36.94551182642067],[122.56636810302734,36.9970588684082],[122.39389038085938,36.80373764038086],[121.97954806791358,36.48492759739838],[121.21208190917969,36.61045455932617],[121.28977744381746,36.22782386699595],[120.96481323242188,36.417205810546875],[121.11517434524751,36.05161245993173],[120.87449860180165,35.74787965019924],[120.31848907470703,36.03080368041992],[119.98648071289062,35.644527435302734],[119.96436862616093,35.19210777375469],[119.71878165979088,35.06405487122383],[119.47319469342084,34.93600196869297],[119.22760772705078,34.80794906616211],[119.45901489257812,34.80794906616211],[119.43090057373047,34.743614196777344],[119.71125030517578,34.679283142089844],[119.73230743408203,34.55062484741211],[120.3418197631836,34.3576545715332],[120.48936462402344,34.164703369140625],[120.71476160098825,33.98596309846482],[120.94015857795307,33.80722282778902],[120.93553906824475,33.60487777956117],[120.93091955853644,33.40253273133332],[120.92630004882812,33.20018768310547],[121.1335330109003,33.05926264720415],[121.34076597297246,32.91833761130283],[121.40264892578125,32.493072509765625],[121.50330352783203,32.171695709228516],[121.9613265991211,31.978878021240234],[121.93677520751953,31.7217960357666],[122.30132291410303,31.590172506095996],[121.84004570301931,32.46902409194672],[121.84004570301931,32.46902409194672],[122.30132291410303,31.590172506095996],[122.24203887197416,31.25129848441469],[122.24203887197416,31.25129848441469],[122.24203887197416,31.25129848441469],[122.24203887197416,31.25129848441469],[121.99526977539062,31.079113006591797],[121.89926147460938,30.822044372558594],[122.17969685892183,30.58384428819062],[121.93407188430368,30.579126197099995],[121.68844690968552,30.574408106009372],[121.44282193506737,30.56969001491875],[121.19719696044922,30.564971923828125],[121.44282193506737,30.56969001491875],[121.68844690968552,30.574408106009372],[121.93407188430368,30.579126197099995],[122.17969685892183,30.58384428819062],[121.92970801475907,30.516429192490392],[121.67971917059633,30.449014096790165],[121.42973032643357,30.38159900108994],[121.17974148227081,30.31418390538971],[120.92975263810807,30.246768809689485],[120.67976379394531,30.179353713989258],[120.80880737304688,30.115081787109375],[121.10469055175781,30.307893753051758],[121.48409271240234,30.307893753051758],[121.6202392578125,30.050809860229492],[122.02978515625,29.922264099121094],[121.864501953125,29.665164947509766],[122.01595306396484,29.665164947509766],[121.93843078613281,29.21521759033203],[121.71156311035156,29.21521759033203],[121.74463653564453,29.536611557006836],[121.57134246826172,29.472333908081055],[121.64702606201172,29.472333908081055],[121.53888702392578,29.150936126708984],[121.74431610107422,29.08665657043457],[121.7143325805664,28.765243530273438],[121.52177429199219,28.636676788330078],[121.65211486816406,28.572391510009766],[121.64590454101562,28.315250396728516],[121.37944793701172,28.186676025390625],[121.15326690673828,28.186676025390625],[121.1933822631836,28.315250396728516],[121.11795806884766,28.315250396728516],[121.03816223144531,28.058101654052734],[120.86773681640625,27.993812561035156],[120.71461486816406,27.736658096313477],[120.65725708007812,27.54378890991211],[120.73251342773438,27.54378890991211],[120.54503631591797,27.158044815063477],[120.39466857910156,27.158044815063477],[120.24666595458984,26.900876998901367],[120.09639739990234,26.900876998901367],[120.06058502197266,26.772293090820312],[120.21080017089844,26.772293090820312],[120.1576919555664,26.57941436767578],[119.83992767333984,26.515121459960938],[119.93810272216797,26.32224464416504],[119.5870132446289,26.129364013671875],[119.77836608886719,26.000778198242188],[119.52989959716797,25.615020751953125],[119.90438079833984,25.615020751953125],[119.87213897705078,25.48643684387207],[119.6156997680664,25.357851028442383],[119.27314758300781,25.48643684387207],[119.39114379882812,25.357851028442383],[119.34419250488281,25.164974212646484],[119.02947998046875,25.100683212280273],[119.07367706298828,24.97209930419922],[118.8191146850586,24.843517303466797],[118.75972747802734,24.586353302001953],[118.14736938476562,24.522062301635742],[118.07573699951172,24.200613021850586],[117.72126770019531,23.943456649780273],[117.69377136230469,23.814878463745117],[117.46995544433594,23.814878463745117],[117.1788330078125,23.493436813354492],[116.8938980102539,23.557723999023438],[116.7796401977539,23.36486053466797],[116.81497955322266,23.171995162963867],[116.59144592285156,23.171995162963867],[116.54004669189453,22.914846420288086],[115.69562530517578,22.786272048950195],[115.67061614990234,22.657697677612305],[115.37285614013672,22.657697677612305],[115.17442321777344,22.786272048950195],[114.90156555175781,22.529123306274414],[114.75272369384766,22.529123306274414],[114.64081573486328,22.72198486328125],[114.53111267089844,22.143402099609375],[114.37039184570312,22.079116821289062],[113.99858856201172,22.079116821289062],[113.99634552001953,22.46483612060547],[113.78524017333984,22.529123306274414],[113.7474365234375,22.72198486328125],[113.59854125976562,22.72198486328125],[113.69869995117188,22.46483612060547],[113.63867950439453,22.143402099609375],[113.41557312011719,22.143402099609375],[113.31752014160156,22.014829635620117],[113.10626220703125,22.079116821289062],[113.07096862792969,21.88625717163086],[112.77362823486328,21.88625717163086],[112.44146728515625,21.693397521972656],[111.85850524902344,21.7576847076416],[111.6640625,21.500539779663086],[110.98419189453125,21.43625259399414],[110.73885345458984,21.307680130004883],[110.71642303466797,21.179107666015625],[110.41944885253906,21.179107666015625],[110.48252868652344,21.114822387695312],[110.36384582519531,20.857677459716797],[110.61627197265625,20.60053253173828],[110.48687744140625,20.279102325439453],[109.88289642333984,20.214815139770508],[110.12842858164626,20.070563055462856],[109.7894515991211,20.53624725341797],[109.34429869880614,20.579810662118916],[109.34429869880614,20.579810662118916],[109.87005615234375,21.43625259399414],[109.80696105957031,21.500539779663086],[109.11621856689453,21.371967315673828],[109.08638000488281,21.629112243652344],[108.65169525146484,21.693397521972656],[108.55519104003906,21.5648250579834],[107.79033660888672,21.43625259399414],[107.41735076904297,20.986249923706055],[106.9613265991211,20.921964645385742],[106.8337173461914,20.60053253173828],[106.68537902832031,20.60053253173828],[106.53694915771484,20.150527954101562],[105.9654769897461,19.8290958404541],[105.73389434814453,18.864791870117188],[106.05134582519531,18.543354034423828],[106.030517578125,18.414779663085938],[106.17830657958984,18.414779663085938],[106.29487609863281,18.2219181060791],[106.56956481933594,18.093341827392578],[106.57118225097656,17.643327713012695],[106.7720947265625,17.514753341674805],[107.0593926069534,17.68573236513504],[107.02642822265625,17.257600784301758],[107.23479372827337,17.549134027008765],[107.08977556527368,17.662471185433553],[106.14857869330808,18.948543411816615],[106.1388131303516,18.97083472024576],[106.1388131303516,18.97083472024576],[106.1388131303516,18.97083472024576],[106.1388131303516,18.97083472024576],[106.1388131303516,18.97083472024576],[106.1388131303516,18.97083472024576],[106.26200664971475,19.481092595266375],[106.26200664971475,19.481092595266375],[106.28141420468816,19.521207634092793],[106.30187568122403,19.56350110829942],[106.30187568122403,19.56350110829942],[106.30187568122403,19.56350110829942],[106.30187568122403,19.56350110829942],[106.30187568122403,19.56350110829942],[106.30187568122403,19.56350110829942],[106.30187568122403,19.56350110829942],[107.01146116403254,20.294113860688412],[107.01146116403254,20.294113860688412],[107.01146116403254,20.294113860688412],[107.01146116403254,20.294113860688412],[106.83522273195545,20.530472242380803],[107.01146116403254,20.294113860688412],[107.01146116403254,20.294113860688412],[107.01146116403254,20.294113860688412],[107.01146116403254,20.294113860688412],[107.01146116403254,20.294113860688412],[105.77779213949296,21.948622532535136],[105.60155370741589,22.184980914227527],[105.4253152753388,22.421339295919914],[105.24907684326172,22.657697677612305],[105.17464447021484,22.657697677612305],[105.21978759765625,22.914846420288086],[105.11660766601562,23.171995162963867],[104.95609283447266,23.107707977294922],[104.90460968017578,23.236284255981445],[102.98979187011719,23.36486053466797],[102.80057525634766,23.557723999023438],[102.65143585205078,23.557723999023438],[102.47415161132812,23.814878463745117],[102.32493591308594,23.814878463745117],[102.52378290149284,23.602309595972834],[102.72262988989975,23.389740728200547],[106.30187568122403,19.56350110829942],[106.30187568122403,19.56350110829942],[106.30187568122403,19.56350110829942],[106.30187568122403,19.56350110829942],[106.30187568122403,19.56350110829942],[106.30187568122403,19.56350110829942],[106.30187568122403,19.56350110829942],[106.30187568122403,19.56350110829942],[106.30187568122403,19.56350110829942],[106.30187568122403,19.56350110829942],[106.30187568122403,19.56350110829942],[106.30187568122403,19.56350110829942],[106.30187568122403,19.56350110829942],[106.30187568122403,19.56350110829942],[106.30187568122403,19.56350110829942],[106.30187568122403,19.56350110829942],[106.10302869281713,19.776069976071703],[106.30187568122403,19.56350110829942],[106.30187568122403,19.56350110829942],[106.30187568122403,19.56350110829942],[106.30187568122403,19.56350110829942],[106.30187568122403,19.56350110829942],[106.30187568122403,19.56350110829942],[106.30187568122403,19.56350110829942],[106.30187568122403,19.56350110829942],[107.01146116403254,20.294113860688412],[107.01146116403254,20.294113860688412],[107.01146116403254,20.294113860688412],[107.01146116403254,20.294113860688412],[107.01146116403254,20.294113860688412],[107.01146116403254,20.294113860688412],[107.01146116403254,20.294113860688412],[107.01146116403254,20.294113860688412],[107.01146116403254,20.294113860688412],[107.01146116403254,20.294113860688412],[107.01146116403254,20.294113860688412],[107.01146116403254,20.294113860688412],[107.01146116403254,20.294113860688412],[108.02391993903723,21.059917173526912],[108.02391993903723,21.059917173526912],[108.02391993903723,21.059917173526912],[108.02391993903723,21.059917173526912],[108.02391993903723,21.059917173526912],[108.02391993903723,21.059917173526912],[108.02391993903723,21.059917173526912],[108.02391993903723,21.059917173526912],[108.02391993903723,21.059917173526912],[108.02391993903723,21.059917173526912],[108.02391993903723,21.059917173526912],[108.02391993903723,21.059917173526912],[108.02391993903723,21.059917173526912],[108.02391993903723,21.059917173526912],[108.02391993903723,21.059917173526912],[108.02391993903723,21.059917173526912],[108.02391993903723,21.059917173526912],[108.02391993903723,21.059917173526912],[108.02391993903723,21.059917173526912],[108.02391993903723,21.059917173526912],[108.02391993903723,21.059917173526912],[108.02391993903723,21.059917173526912],[108.02391993903723,21.059917173526912],[108.02391993903723,21.059917173526912],[108.02391993903723,21.059917173526912],[108.02391993903723,21.059917173526912],[108.02391993903723,21.059917173526912],[108.02391993903723,21.059917173526912],[108.02391993903723,21.059917173526912],[108.02391993903723,21.059917173526912],[108.02391993903723,21.059917173526912],[108.02391993903723,21.059917173526912],[108.02391993903723,21.059917173526912],[108.02391993903723,21.059917173526912],[108.02391993903723,21.059917173526912],[108.02391993903723,21.059917173526912],[108.02391993903723,21.059917173526912],[108.02391993903723,21.059917173526912],[108.02391993903723,21.059917173526912],[107.19127425716462,21.09601022714689],[107.01146116403254,20.294113860688412],[107.01146116403254,20.294113860688412],[106.30187568122403,19.56350110829942],[106.30187568122403,19.56350110829942],[106.30187568122403,19.56350110829942],[106.26200664971475,19.481092595266375],[106.26200664971475,19.481092595266375],[106.26200664971475,19.481092595266375],[96.98839632771848,16.295056577095863],[96.98839632771848,16.295056577095863],[93.87973477236278,18.275818339321802],[93.87973477236278,18.275818339321802],[93.04371161562693,19.379874883075217],[93.04371161562693,19.379874883075217],[93.04371161562693,19.379874883075217],[92.25300119308042,20.19140806059039],[91.60508984703199,21.15486040611478],[92.20365198345772,21.74568519230651],[91.37100630158511,21.78177824592649],[91.37100630158511,21.78177824592649],[91.37100630158511,21.78177824592649],[91.37100630158511,21.78177824592649],[91.37100630158511,21.78177824592649],[91.37100630158511,21.78177824592649],[91.37100630158511,21.78177824592649],[91.37100630158511,21.78177824592649],[91.37100630158511,21.78177824592649],[91.37100630158511,21.78177824592649],[91.37100630158511,21.78177824592649],[91.37100630158511,21.78177824592649],[91.37100630158511,21.78177824592649],[91.37100630158511,21.78177824592649],[91.37100630158511,21.78177824592649],[91.37100630158511,21.78177824592649],[91.37100630158511,21.78177824592649],[91.37100630158511,21.78177824592649],[91.37100630158511,21.78177824592649],[91.37100630158511,21.78177824592649],[91.37100630158511,21.78177824592649],[91.37100630158511,21.78177824592649],[91.37100630158511,21.78177824592649],[91.37100630158511,21.78177824592649],[91.37100630158511,21.78177824592649],[91.37100630158511,21.78177824592649],[91.37100630158511,21.78177824592649],[91.37100630158511,21.78177824592649],[91.37100630158511,21.78177824592649],[91.37100630158511,21.78177824592649],[91.37100630158511,21.78177824592649],[91.37100630158511,21.78177824592649],[91.37100630158511,21.78177824592649],[91.37100630158511,21.78177824592649],[87.88483054398534,21.254125121919742],[87.88483054398534,21.254125121919742],[85.81294250488281,37.89975357055664],[87.88483054398534,21.254125121919742],[85.1133804321289,37.44829177856445],[81.03121185302734,36.61045455932617],[87.3482674898143,21.11730644347699],[87.3482674898143,21.11730644347699],[87.3482674898143,21.11730644347699],[87.3482674898143,21.11730644347699],[87.3482674898143,21.11730644347699],[87.3482674898143,21.11730644347699],[87.3482674898143,21.11730644347699],[87.3482674898143,21.11730644347699],[87.3482674898143,21.11730644347699],[87.3482674898143,21.11730644347699],[87.3482674898143,21.11730644347699],[87.3482674898143,21.11730644347699],[87.3482674898143,21.11730644347699],[87.3482674898143,21.11730644347699],[87.3482674898143,21.11730644347699],[87.3482674898143,21.11730644347699],[87.3482674898143,21.11730644347699],[87.3482674898143,21.11730644347699],[87.3482674898143,21.11730644347699],[87.3482674898143,21.11730644347699],[87.3482674898143,21.11730644347699],[87.3482674898143,21.11730644347699],[87.3482674898143,21.11730644347699],[87.3482674898143,21.11730644347699],[87.3482674898143,21.11730644347699],[87.3482674898143,21.11730644347699],[87.3482674898143,21.11730644347699],[87.3482674898143,21.11730644347699],[87.3482674898143,21.11730644347699],[87.3482674898143,21.11730644347699],[87.3482674898143,21.11730644347699],[87.3482674898143,21.11730644347699],[87.3482674898143,21.11730644347699],[87.3482674898143,21.11730644347699],[87.3482674898143,21.11730644347699],[87.3482674898143,21.11730644347699],[87.3482674898143,21.11730644347699],[87.3482674898143,21.11730644347699],[87.3482674898143,21.11730644347699],[79.39822387695312,37.12596130371094],[72.3639010838599,20.87096274243669],[66.24002385471101,25.01173146131822],[66.24002385471101,25.01173146131822],[66.24002385471101,25.01173146131822],[66.24002385471101,25.01173146131822],[66.24002385471101,25.01173146131822],[66.24002385471101,25.01173146131822],[66.24002385471101,25.01173146131822],[66.24002385471101,25.01173146131822],[66.24002385471101,25.01173146131822],[66.24002385471101,25.01173146131822],[75.79206848144531,39.1264533996582],[66.24002385471101,25.01173146131822],[66.24002385471101,25.01173146131822],[66.24002385471101,25.01173146131822],[73.57305908203125,39.57893371582031],[66.24002385471101,25.01173146131822],[66.24002385471101,25.01173146131822],[66.24002385471101,25.01173146131822],[66.24002385471101,25.01173146131822],[66.24002385471101,25.01173146131822],[66.24002385471101,25.01173146131822],[66.24002385471101,25.01173146131822],[66.24002385471101,25.01173146131822],[66.24002385471101,25.01173146131822],[66.24002385471101,25.01173146131822],[66.24002385471101,25.01173146131822],[66.24002385471101,25.01173146131822],[66.24002385471101,25.01173146131822],[66.81367236805943,24.38536339021846],[67.84211265294527,23.378132102930067],[68.12814397281306,23.160382955893965],[68.61992298425798,22.649570069735887],[68.61992298425798,22.649570069735887],[72.3639010838599,20.87096274243669],[72.3639010838599,20.87096274243669],[72.3639010838599,20.87096274243669],[72.40809668739871,20.829277962868105],[72.40809668739871,20.829277962868105],[72.40809668739871,20.829277962868105],[72.43566003717694,20.73976326426117],[83.88772859029768,17.680384414892387],[85.15946227126261,18.86472101546252],[85.15946227126261,18.86472101546252],[85.46433672003783,19.121590562970198],[85.56124021310785,19.179453072790764],[87.32594373745314,21.096675077137604],[87.32594373745314,21.096675077137604],[87.3482674898143,21.11730644347699]]],[[[122.12088775634766,30.179353713989258],[122.2725830078125,30.179353713989258],[122.27982330322266,29.986536026000977],[121.97661590576172,29.986536026000977],[122.04503631591797,30.179353713989258],[122.12088775634766,30.179353713989258]]]]}},{"type":"Feature","properties":{"Name":"Goguryeo","FromYear":-36,"ToYear":22,"Area":93626.96669931673,"Type":"POLITY","Wikipedia":"Goguryeo","SeshatID":"kr_goguryeo_k","MemberOf":"","Components":""},"geometry":{"type":"Polygon","coordinates":[[[130.72196921438615,37.97153148297161],[130.8449765202787,37.99954285672817],[130.7727508544922,42.43117141723633],[130.90475463867188,42.62621307373047],[130.7445831298828,42.62621307373047],[130.92193603515625,42.88639831542969],[130.76153564453125,42.88639831542969],[130.77049255371094,43.016544342041016],[130.60995483398438,43.016544342041016],[130.65463256835938,43.08163070678711],[130.33346557617188,43.08163070678711],[126.46783447265625,42.82133865356445],[125.45890045166016,42.62621307373047],[124.60717010498047,42.17123794555664],[123.75766321343804,39.37277319661513],[123.75766321343804,39.37277319661513],[123.75766321343804,39.37277319661513],[123.75766321343804,39.37277319661513],[123.75766321343804,39.37277319661513],[123.75766321343804,39.37277319661513],[123.75766321343804,39.37277319661513],[124.04171752929688,41.521995544433594],[124.00180053710938,41.45711898803711],[124.28016662597656,41.39224624633789],[124.2403793334961,41.32738494873047],[124.47891998291016,41.32738494873047],[124.43917083740234,41.26253128051758],[124.7173843383789,41.19768524169922],[124.67777252197266,41.132843017578125],[125.8306655883789,41.32738494873047],[125.79044342041016,41.26253128051758],[126.10839080810547,41.26253128051758],[126.18696594238281,41.132843017578125],[124.7531636616443,39.06842139512918],[124.7531636616443,39.06842139512918],[124.7531636616443,39.06842139512918],[124.7531636616443,39.06842139512918],[124.7531636616443,39.06842139512918],[124.7531636616443,39.06842139512918],[124.7531636616443,39.06842139512918],[124.7531636616443,39.06842139512918],[130.58853177163996,37.91107176423668],[130.6394700660669,37.940481002236254],[130.72196921438615,37.97153148297161],[129.76856994628906,41.39224624633789],[129.69317626953125,41.521995544433594],[129.77735900878906,41.65177917480469],[130.72196921438615,37.97153148297161],[130.72196921438615,37.97153148297161]]]}},{"type":"Feature","properties":{"Name":"Dongye","FromYear":-36,"ToYear":312,"Area":29016.070330689145,"Type":"POLITY","Wikipedia":"Dongye","SeshatID":"","MemberOf":"","Components":""},"geometry":{"type":"Polygon","coordinates":[[[128.61807250976562,38.416015625],[128.36380004882812,38.80344009399414],[126.04988676081905,37.29843856550758],[127.9182357788086,39.1264533996582],[126.04988676081905,37.29843856550758],[126.04988676081905,37.29843856550758],[126.04988676081905,37.29843856550758],[124.7531636616443,39.06842139512918],[126.04988676081905,37.29843856550758],[126.04988676081905,37.29843856550758],[126.04988676081905,37.29843856550758],[126.04988676081905,37.29843856550758],[126.04988676081905,37.29843856550758],[126.04988676081905,37.29843856550758],[126.04988676081905,37.29843856550758],[126.04988676081905,37.29843856550758],[126.04988676081905,37.29843856550758],[126.04988676081905,37.29843856550758],[130.36442396117127,37.45121459036699],[130.3692171592554,37.42218261771137],[129.35301208496094,37.3193473815918],[129.38720703125,37.38381576538086],[129.2563018798828,37.5772590637207],[130.36143028512578,37.5359708054947],[130.39063057593708,37.670892564764216],[128.61807250976562,38.416015625]]]}},{"type":"Feature","properties":{"Name":"Dong-okjeo","FromYear":-36,"ToYear":22,"Area":32148.945446114085,"Type":"POLITY","Wikipedia":"Okjeo","SeshatID":"","MemberOf":"","Components":""},"geometry":{"type":"Polygon","coordinates":[[[128.17144775390625,39.9670295715332],[130.58853177163996,37.91107176423668],[129.0777130126953,40.42012023925781],[130.6394700660669,37.940481002236254],[129.75584411621094,40.873565673828125],[129.8822021484375,41.19768524169922],[129.80636596679688,41.32738494873047],[130.72196921438615,37.97153148297161],[130.6394700660669,37.940481002236254],[130.58853177163996,37.91107176423668],[124.7531636616443,39.06842139512918],[124.7531636616443,39.06842139512918],[124.7531636616443,39.06842139512918],[124.7531636616443,39.06842139512918],[124.7531636616443,39.06842139512918],[124.7531636616443,39.06842139512918],[124.7531636616443,39.06842139512918],[124.7531636616443,39.06842139512918],[124.7531636616443,39.06842139512918],[124.7531636616443,39.06842139512918],[124.7531636616443,39.06842139512918],[124.7531636616443,39.06842139512918],[126.04988676081905,37.29843856550758],[126.04988676081905,37.29843856550758],[126.04988676081905,37.29843856550758],[128.09249877929688,39.9670295715332],[128.17144775390625,39.9670295715332]]]}},{"type":"Feature","properties":{"Name":"Mauretania","FromYear":-27,"ToYear":29,"Area":215140.1201295958,"Type":"POLITY","Wikipedia":"Mauretania","SeshatID":"ma_mauretania","MemberOf":"","Components":""},"geometry":{"type":"MultiPolygon","coordinates":[[[[2.58387291758379,36.606329657025384],[2.58387291758379,36.606329657025384],[2.58387291758379,36.606329657025384],[2.58387291758379,36.606329657025384],[2.58387291758379,36.606329657025384]]],[[[5.335976781358988,36.687418445661315],[5.097836971282959,36.67487716674805],[4.858687286347951,36.863886818326996],[4.235154151916504,36.92383453983783],[3.850007295608521,36.80373764038086],[3.4679559543483065,36.803089211476674],[3.229894161224365,36.73930740356445],[2.8460315452014124,36.72869991768664],[2.690169095993042,36.61045455932617],[2.3721599051458546,36.627530267869396],[2.0913120951323316,36.578892503205246],[1.810464285118809,36.5302547385411],[1.529616475105286,36.48161697387695],[1.2185422713772367,36.522727201265624],[0.913757801055908,36.3527946472168],[0.7211976285284987,36.32432748813798],[0.683685302734375,36.28839111328125],[0.39909869641391194,36.17460213972259],[0.083524890244007,35.837650299072266],[-0.458719998598099,35.837650299072266],[-0.530006587505341,35.708900451660156],[-0.917115688323975,35.708900451660156],[-1.065529465675354,35.58015823364258],[-1.119221420531793,35.55380977499722],[-1.136477708816528,35.45143127441406],[-1.358735799789429,35.258358001708984],[-1.588613358202954,35.253666355611955],[-1.889582633972168,35.065311431884766],[-2.661749362945557,35.065311431884766],[-2.819781064987183,35.12965774536133],[-2.9798293422129136,35.38932273968345],[-2.98558509022871,35.402472235150356],[-2.981565713882446,35.258358001708984],[-3.132419347763062,35.194007873535156],[-4.705301510745774,35.31779177241095],[-5.239750862121582,35.51579284667969],[-5.338923931121826,35.837650299072266],[-5.876633644104004,35.77327346801758],[-5.999861240386963,35.32271194458008],[-6.14545202255249,35.194007873535156],[-6.132044315338135,35.00096893310547],[-6.2908451591820995,35.06526460850647],[-6.200328826904297,34.87228775024414],[-6.277484893798828,34.87228775024414],[-6.332395076751709,34.55062484741211],[-6.482059955596924,34.48630142211914],[-6.473203659057617,34.3576545715332],[-6.699540650414634,34.29323476611285],[-6.613898754119873,34.164703369140625],[-6.90380334854126,33.90746307373047],[-7.037326399187868,33.91308135999049],[-7.129902839660645,33.84315490722656],[-8.372709449288177,33.33860891683716],[-8.470269203186035,33.26447677612305],[-8.154382705688477,33.13589859008789],[-8.064118385314941,32.94303894042969],[-7.52805757522583,32.94303894042969],[-6.936817646026611,33.26447677612305],[-6.702547550201416,33.20018768310547],[-6.634375095367432,33.32876968383789],[-6.033219337463379,33.52165222167969],[-5.798895359039307,33.45735549926758],[-5.273681163787842,33.65024948120117],[-4.3960721117260535,35.19408444887055],[-4.38786780507246,35.1908023132753],[-4.38786780507246,35.1908023132753],[-4.234855465468079,35.22232256453325],[-4.064376395842481,35.01079872545473],[-3.8938973262168823,34.7992748863762],[-3.7234182565912843,34.58775104729767],[-3.552939186965686,34.37622720821915],[-3.382460117340088,34.164703369140625],[-2.917351484298706,34.10039138793945],[-1.692975521087646,34.22901916503906],[-1.609718084335327,34.10039138793945],[-1.539058566093445,34.22901916503906],[-1.305106520652771,34.164703369140625],[-1.237367868423462,34.3576545715332],[0.302583903074265,34.3576545715332],[0.451262414455414,34.48630142211914],[0.684976637363434,34.42197799682617],[1.293753147125244,34.614952087402344],[2.58387291758379,36.606329657025384],[2.58387291758379,36.606329657025384],[2.58387291758379,36.606329657025384],[3.513402222190366,36.80935741291145],[4.453888416290283,34.614952087402344],[5.216563347271261,36.672491766400356],[5.216563347271261,36.672491766400356],[5.290097236633301,35.12965774536133],[5.438797950744629,35.38706970214844],[5.338839530944824,36.3527946472168],[5.416472434997559,36.3527946472168],[5.412543037368603,36.69698922766252],[5.335976781358988,36.687418445661315]]]]}},{"type":"Feature","properties":{"Name":"Greek City-States","FromYear":-27,"ToYear":67,"Area":13867.110494613904,"Type":"POLITY","Wikipedia":"Polis","SeshatID":"","MemberOf":"","Components":""},"geometry":{"type":"MultiPolygon","coordinates":[[[[25.876928329467773,40.29063034057617],[26.03508949279785,40.29063034057617],[26.024850845336914,40.16116714477539],[25.703752517700195,40.0964469909668],[25.718765258789062,40.29063034057617],[25.7978458404541,40.29063034057617],[25.876928329467773,40.29063034057617]]],[[[24.649555206298828,40.80876541137695],[24.808143615722656,40.80876541137695],[24.70963478088379,40.54964065551758],[24.476768493652344,40.614410400390625],[24.490964889526367,40.80876541137695],[24.57025909423828,40.80876541137695],[24.649555206298828,40.80876541137695]]],[[[35.33175372159203,44.08355795313202],[34.68747942699579,43.86234578854031],[34.19532311289623,43.69495270390041],[33.52096176147461,44.45067596435547],[33.46652603149414,44.64661407470703],[34.00636044378804,43.611219158541246],[34.19532311289623,43.69495270390041],[33.983336772188494,43.60101685954053],[34.19532311289623,43.69495270390041],[34.31882921850027,43.73695982114475],[34.262728558527115,43.71787876446783],[35.64309070308225,44.265901421224896],[35.76075280039612,44.345526434369106],[35.68274987070885,44.29602692265047],[35.76075280039612,44.345526434369106],[35.62396688765125,44.25137477925264],[35.33175372159203,44.08355795313202]]],[[[30.278581619262695,46.480194091796875],[30.81087303161621,46.808616638183594],[30.975078582763672,46.808616638183594],[31.082130432128906,47.005828857421875],[31.566814422607422,46.94007873535156],[31.53286361694336,46.677207946777344],[30.87657928466797,46.677207946777344],[30.297666549682617,45.95537567138672],[30.044963836669922,45.889827728271484],[29.85890007019043,45.693260192871094],[29.614274978637695,45.693260192871094],[29.64429473876953,45.95537567138672],[30.091318130493164,46.283294677734375],[30.106895446777344,46.414546966552734],[30.270700454711914,46.414546966552734],[30.278581619262695,46.480194091796875]]]]}},{"type":"Feature","properties":{"Name":"Thracian Kingdom","FromYear":-27,"ToYear":42,"Area":90345.10333150964,"Type":"POLITY","Wikipedia":"Thracian kingdom","SeshatID":"","MemberOf":"","Components":""},"geometry":{"type":"Polygon","coordinates":[[[30.41373316662759,42.046598617362186],[30.779576148166573,42.19564241278735],[29.66587257385254,45.431331634521484],[29.184673309326172,45.496795654296875],[28.756139755249023,45.300437927246094],[28.430747985839844,45.300437927246094],[30.040072899946207,41.87784994173387],[28.28878402709961,45.496795654296875],[28.051286697387695,45.56227111816406],[28.037626266479492,45.431331634521484],[27.786672592163086,45.36587905883789],[27.766572952270508,45.169586181640625],[27.92239761352539,45.10417556762695],[29.502888918980485,41.60634162201597],[27.726606369018555,44.77729415893555],[27.706735610961914,44.58129119873047],[27.86873435974121,44.58129119873047],[27.8487606048584,44.38538360595703],[29.390513542583903,41.549139715619106],[29.390513542583903,41.549139715619106],[26.36821174621582,44.12431716918945],[25.52049446105957,43.6678352355957],[24.80620765686035,43.79821014404297],[24.23662757873535,43.73301696777344],[24.156030654907227,43.73301696777344],[24.14060401916504,43.53750228881836],[26.392832878521347,40.202337957806606],[26.392832878521347,40.202337957806606],[26.188731316021347,40.035467840619106],[26.188731316021347,40.035467840619106],[26.18587808595355,40.03267382853386],[23.57497215270996,42.43117141723633],[23.32564926147461,42.30118942260742],[23.21365737915039,41.84651184082031],[23.44826316833496,41.781593322753906],[23.743696212768555,41.45711898803711],[25.680164337158203,41.781593322753906],[26.2325496673584,41.71668243408203],[26.574190139770508,41.97637939453125],[27.46413230895996,42.10627746582031],[27.316564559936523,42.236209869384766],[27.328767776489258,42.36617660522461],[27.174896240234375,42.43117141723633],[27.193193435668945,42.62621307373047],[27.4521484375,42.82133865356445],[27.65704917907715,43.276947021484375],[27.991680145263672,43.407203674316406],[28.018028259277344,43.6678352355957],[29.539251957838026,41.62485132771603],[29.979281984794465,41.84708663236306],[30.207530144146347,41.96259186405655],[30.207530144146347,41.96259186405655],[30.26296630195402,41.98517645848744],[30.207530144146347,41.96259186405655],[30.344155881919402,42.018252952386845],[30.41373316662759,42.046598617362186]]]}},{"type":"Feature","properties":{"Name":"Satavahana Dynasty","FromYear":-27,"ToYear":105,"Area":890000.9594747243,"Type":"POLITY","Wikipedia":"Satavahana dynasty","SeshatID":"in_satavahana_emp","MemberOf":"","Components":""},"geometry":{"type":"Polygon","coordinates":[[[85.15946227126261,18.86472101546252],[85.15946227126261,18.86472101546252],[85.15946227126261,18.86472101546252],[85.15946227126261,18.86472101546252],[85.48080461141467,19.13546545417006],[85.48080461141467,19.13546545417006],[85.48080461141467,19.13546545417006],[85.44343611110338,19.10398092076766],[85.15946227126261,18.86472101546252],[85.15946227126261,18.86472101546252],[83.89831612597914,17.68894256164117],[83.89831612597914,17.68894256164117],[83.89831612597914,17.68894256164117],[83.88772859029768,17.680384414892387],[83.88772859029768,17.680384414892387],[83.88772859029768,17.680384414892387],[83.8194387851534,17.5999916493298],[83.85044729305096,17.636495776125702],[82.8303850205914,16.889432137516053],[82.8303850205914,16.889432137516053],[82.80139450108743,16.867374970132232],[82.59872980277142,16.70533508647971],[82.39606510445539,16.543295202827192],[82.19340040613938,16.38125531917467],[81.99073570782336,16.21921543552215],[81.78807100950733,16.05717555186963],[81.58540631119132,15.895135668217108],[80.62352909938761,15.364543226020828],[80.62352909938761,15.364543226020828],[80.5312110294376,15.17874132865478],[80.53755821940376,14.900178493268868],[80.53755821940376,14.900178493268868],[80.58307601663932,14.171457968759682],[80.58307601663932,14.171457968759682],[80.58307601663932,14.171457968759682],[80.58307601663932,14.171457968759682],[80.58307601663932,14.171457968759682],[80.58307601663932,14.171457968759682],[80.58307601663932,14.171457968759682],[80.58307601663932,14.171457968759682],[80.58307601663932,14.171457968759682],[80.58307601663932,14.171457968759682],[74.44613990828367,12.683756378150804],[74.2322449384992,13.55323238003524],[74.2322449384992,13.55323238003524],[74.2322449384992,13.55323238003524],[74.2322449384992,13.55323238003524],[74.2322449384992,13.55323238003524],[74.2322449384992,13.55323238003524],[74.2322449384992,13.55323238003524],[74.2322449384992,13.55323238003524],[74.23203279132802,13.554888759871824],[74.23072714499608,13.565082844694587],[74.23072714499608,13.565082844694587],[74.2322449384992,13.55323238003524],[74.44613990828367,12.683756378150804],[74.30247470615963,13.121287585133702],[73.95326549890262,14.335467961559743],[73.80508612238025,14.52233342316561],[73.7435622351062,14.610936819714937],[73.48046970667366,15.081061098933105],[73.35130833391997,15.4022287216049],[73.35130833391997,15.4022287216049],[73.41714477539062,16.036130905151367],[72.87141047319759,16.553921114555155],[73.25418853759766,16.614723205566406],[73.094477357672,16.80675937620743],[72.93476617774635,16.99879554684846],[72.7750549978207,17.190831717489484],[72.70918945281872,17.434777138128187],[72.65166245253747,17.68205615857349],[72.57600509208147,17.922329124196644],[72.3449406415454,19.25063959434476],[72.3449406415454,19.25063959434476],[72.27443885442175,19.556889378274114],[72.21858481525514,19.81549846555975],[72.38320538604621,20.504540273269566],[72.42471001283845,20.77517375401931],[72.56289672851562,21.24339485168457],[72.3639010838599,20.87096274243669],[72.3639010838599,20.87096274243669],[72.3639010838599,20.87096274243669],[72.3639010838599,20.87096274243669],[72.40809668739871,20.829277962868105],[72.3639010838599,20.87096274243669],[72.40809668739871,20.829277962868105],[72.40809668739871,20.829277962868105],[72.40809668739871,20.829277962868105],[72.40809668739871,20.829277962868105],[72.40809668739871,20.829277962868105],[72.40809668739871,20.829277962868105],[72.40809668739871,20.829277962868105],[72.40809668739871,20.829277962868105],[72.40809668739871,20.829277962868105],[72.44164657201065,20.67711251430063],[72.44164657201065,20.67711251430063],[72.44164657201065,20.67711251430063],[72.44164657201065,20.67711251430063],[72.44164657201065,20.67711251430063],[72.44155796786819,20.676342675030025],[72.44029882472819,20.665402578895964],[72.44029882472819,20.665402578895964],[80.62352909938761,15.364543226020828],[81.58540631119132,15.895135668217108],[81.58540631119132,15.895135668217108],[82.80139450108743,16.867374970132232],[82.80139450108743,16.867374970132232],[82.8303850205914,16.889432137516053],[83.88772859029768,17.680384414892387],[83.88772859029768,17.680384414892387],[83.95994507508179,17.719466801077296],[84.68994424696571,18.278304374894674],[84.94864804143515,18.587421074007352],[85.15946227126261,18.86472101546252],[85.15946227126261,18.86472101546252]]]}},{"type":"Feature","properties":{"Name":"Kingdom of Pontus","FromYear":-25,"ToYear":22,"Area":80235.83546347819,"Type":"POLITY","Wikipedia":"Kingdom of Pontus","SeshatID":"","MemberOf":"","Components":""},"geometry":{"type":"Polygon","coordinates":[[[40.230430603027344,40.031734466552734],[40.487056732177734,40.16116714477539],[40.50690841674805,40.29063034057617],[40.754215240478516,40.355369567871094],[41.71803139412307,43.504724609559055],[41.50366217711161,43.57170646511838],[41.99834055845032,43.417139142677776],[41.22755813598633,41.32738494873047],[41.23830032348633,41.39224624633789],[41.76365976702838,43.49046755751605],[41.50366217711161,43.57170646511838],[40.390892028808594,41.06801223754883],[41.42228418382718,43.603823316883265],[40.99976647227123,43.77057526249405],[39.0508918762207,41.132843017578125],[40.228973717951234,44.16463322662545],[39.978119370231184,44.2664132442087],[39.727265022511126,44.368193261791944],[39.476410674791076,44.469973279375196],[39.37499864994612,44.2032975722628],[39.27358662510116,43.93662186515041],[39.172174600256206,43.66994615803801],[39.07076257541125,43.40327045092562],[38.96935055056629,43.13659474381322],[38.867938525721335,42.86991903670083],[38.76652650087638,42.60324332958843],[38.66511447603143,42.33656762247604],[38.563702451186465,42.06989191536364],[38.46229042634151,41.80321620825125],[38.36087840149656,41.53654050113885],[38.259466376651595,41.26986479402646],[38.15805435180664,41.00318908691406],[39.03590983944371,44.614341421626264],[38.94282447053348,44.6448488820031],[35.46363365977135,44.129584051556606],[35.46363365977135,44.129584051556606],[37.23323440551758,41.19768524169922],[35.46363365977135,44.129584051556606],[35.46363365977135,44.129584051556606],[35.46363365977135,44.129584051556606],[35.42144274779929,44.11485942327836],[35.336185190041896,44.08510453562103],[35.049139083438476,43.985354116885155],[34.36014977167772,43.75101384149813],[33.62873451473053,43.420796932994705],[34.577850341796875,40.93837356567383],[34.561397552490234,40.80876541137695],[34.791015625,40.74397277832031],[34.616146087646484,40.614410400390625],[34.48881149291992,40.225894927978516],[34.56786346435547,40.225894927978516],[34.53628921508789,39.9670295715332],[34.82843017578125,39.77294921875],[35.29369354248047,39.70827102661133],[35.35662841796875,39.57893371582031],[36.93256378173828,39.57893371582031],[37.860721588134766,39.449623107910156],[38.752479553222656,39.06184005737305],[38.9273681640625,39.19107437133789],[38.95417022705078,39.38497543334961],[38.74488830566406,39.57893371582031],[38.92983627319336,39.77294921875],[38.790401458740234,39.90232849121094],[40.15145492553711,40.031734466552734],[40.230430603027344,40.031734466552734]]]}},{"type":"Feature","properties":{"Name":"Kingdom of Cappadocia","FromYear":-25,"ToYear":13,"Area":86768.75745164994,"Type":"POLITY","Wikipedia":"Kingdom of Cappadocia","SeshatID":"","MemberOf":"","Components":""},"geometry":{"type":"Polygon","coordinates":[[[38.74372863769531,38.997230529785156],[38.73501205444336,38.93262481689453],[38.7263298034668,38.8680305480957],[38.36138153076172,38.48057174682617],[38.31162643432617,38.09331130981445],[37.451019287109375,38.09331130981445],[37.13022994995117,38.028785705566406],[37.1146354675293,37.89975357055664],[36.34809112548828,38.028785705566406],[35.998069763183594,37.706241607666016],[35.67116928100586,37.5772590637207],[35.05380630493164,37.641746520996094],[34.72324590144382,36.33348311556148],[34.72324590144382,36.33348311556148],[34.72324590144382,36.33348311556148],[34.412657925039525,36.09064881758934],[32.561539866192504,35.630512773297255],[32.561539866192504,35.630512773297255],[31.816078337265026,36.12466634784124],[31.812425820743382,36.12756386035314],[33.09543228149414,37.5772590637207],[33.12809753417969,37.89975357055664],[33.304447174072266,38.09331130981445],[33.266754150390625,38.48057174682617],[33.67961502075195,38.67427444458008],[34.47871780395508,38.80344009399414],[34.766693115234375,39.25570297241211],[34.726253509521484,39.57893371582031],[34.82843017578125,39.77294921875],[35.29369354248047,39.70827102661133],[35.35662841796875,39.57893371582031],[36.93256378173828,39.57893371582031],[37.860721588134766,39.449623107910156],[38.752479553222656,39.06184005737305],[38.74372863769531,38.997230529785156]]]}},{"type":"Feature","properties":{"Name":"Nabataeans","FromYear":-19,"ToYear":5,"Area":90192.73534815288,"Type":"POLITY","Wikipedia":"Nabataeans","SeshatID":"jo_nabataean_k","MemberOf":"","Components":""},"geometry":{"type":"MultiPolygon","coordinates":[[[[35.94373351646205,26.2176346658622],[35.91758771251408,26.265227258302072],[35.93500649204596,26.23352026330164],[35.96114875846762,26.185934110137758],[35.94373351646205,26.2176346658622]]],[[[36.10941312100107,25.916051975572202],[36.091827712836576,25.948062280756425],[38.13542938232422,27.029460906982422],[38.13095474243164,26.96516990661621],[36.10941312100107,25.916051975572202]]],[[[36.01345555979449,26.090721269012803],[35.98736016559638,26.138222101769745],[36.004790442088755,26.106494179122326],[36.03088229876055,26.058999785641376],[36.01345555979449,26.090721269012803]]],[[[34.85047263868916,29.137599816018223],[34.780471279905036,28.921551054088425],[34.77551871315527,28.90626569487189],[35.101999492415814,27.378781691487255],[35.39183168775867,26.991565184844774],[35.39183168775867,26.991565184844774],[35.66441125202408,26.615025033735492],[35.8812210689494,26.331424604882955],[35.8812210689494,26.331424604882955],[35.8812210689494,26.331424604882955],[35.969929889104,26.169950024417165],[36.10941312100107,25.916051975572202],[38.20610046386719,26.96516990661621],[38.26789093017578,26.772293090820312],[38.49321365356445,26.772293090820312],[38.409271240234375,26.643707275390625],[38.69638442993164,26.450830459594727],[38.6920280456543,26.386537551879883],[36.751021885148134,24.951075484037517],[36.751021885148134,24.951075484037517],[36.751021885148134,24.951075484037517],[36.751021885148134,24.951075484037517],[36.10941312100107,25.916051975572202],[36.10941312100107,25.916051975572202],[35.908868647532174,26.28109836737052],[35.9001689329822,26.29693425330251],[35.8812210689494,26.331424604882955],[35.66441125202408,26.615025033735492],[35.39183168775867,26.991565184844774],[35.058236420567574,27.46249579595301],[35.40013885498047,27.736658096313477],[35.40869903564453,27.865236282348633],[35.04917907714844,28.12238883972168],[34.59267044067383,28.058101654052734],[34.60541915893555,28.25096321105957],[34.853519439697266,28.572391510009766],[34.91409865556156,29.408165147381432],[34.75225830078125,29.279497146606445],[34.71140670776367,28.700960159301758],[34.63708148072407,28.478999807591304],[34.53360420674253,28.060010568523097],[34.343235754355746,27.943662335596855],[34.24134362070876,27.83539459843155],[33.960672894218824,27.97931553518739],[33.553810119628906,28.315250396728516],[33.473579907341154,28.378972303655097],[33.28157877671903,28.591729666228506],[33.213871002197266,28.893810272216797],[32.94035437069785,29.28419412369673],[32.62268185118267,29.86743998720496],[32.60208906603197,29.922341416250656],[32.918514251708984,30.115081787109375],[33.837974548339844,30.243623733520508],[34.54050064086914,30.500701904296875],[34.985958099365234,30.372163772583008],[35.59312438964844,30.372163772583008],[35.760589599609375,30.564971923828125],[35.83653259277344,30.564971923828125],[36.14565658569336,30.629240036010742],[35.86577224731445,29.986536026000977],[34.84329776676072,29.11545564304687],[34.85047263868916,29.137599816018223]]]]}},{"type":"Feature","properties":{"Name":"Himyarite Kingdom","FromYear":-19,"ToYear":105,"Area":334765.24239505065,"Type":"POLITY","Wikipedia":"Himyarite Kingdom","SeshatID":"","MemberOf":"","Components":""},"geometry":{"type":"Polygon","coordinates":[[[39.72003173828125,24.907808303833008],[39.50758743286133,25.100683212280273],[39.46128845214844,25.55072784423828],[39.31566619873047,25.615020751953125],[39.049774169921875,26.129364013671875],[38.76706314086914,26.386537551879883],[38.6920280456543,26.386537551879883],[36.751021885148134,24.951075484037517],[36.751021885148134,24.951075484037517],[36.751021885148134,24.951075484037517],[36.751021885148134,24.951075484037517],[37.86562637385046,23.669825575468366],[37.91242904031741,23.633642535767677],[37.99497581220606,23.564314400070028],[38.05103217467721,23.500639528430476],[38.241817474365234,23.879167556762695],[38.60107421875,23.622013092041016],[38.86882400512695,23.043420791625977],[38.8588752746582,22.85055923461914],[39.14019775390625,22.529123306274414],[39.02705764770508,21.7576847076416],[39.16929626464844,21.629112243652344],[39.14701461791992,21.179107666015625],[39.35056686401367,20.793392181396484],[39.49574279785156,20.72910499572754],[39.489315032958984,20.60053253173828],[39.84385299682617,20.279102325439453],[39.91519639459602,19.83478405836945],[40.23778600368584,19.5760000053187],[40.39784349986377,19.429133017250194],[40.543562948169324,19.223739434766685],[40.543562948169324,19.223739434766685],[40.682917634990304,18.943396443491388],[40.76429519320709,18.726938312479547],[40.93251535216521,18.335918768664804],[41.04188290233594,18.213725540024882],[41.53475990024269,17.48683453325286],[41.65372042213147,17.401662217051182],[41.65372042213147,17.401662217051182],[41.65372042213147,17.401662217051182],[42.369940859148414,16.17453649714406],[42.369940859148414,16.17453649714406],[42.78240966796875,15.843266487121582],[42.70881652832031,15.843266487121582],[42.74578857421875,15.136098861694336],[42.46479543292179,14.826536293485674],[42.46479543292179,14.826536293485674],[43.056640625,13.97891902923584],[43.26481628417969,13.721768379211426],[43.23561477661133,13.07889175415039],[43.44704818725586,12.886029243469238],[43.438602447509766,12.69316577911377],[44.38864517211914,12.628878593444824],[44.614288330078125,12.757453918457031],[45.05411911010742,12.757453918457031],[45.74114990234375,13.336042404174805],[46.03456115722656,13.336042404174805],[46.111045837402344,13.40032958984375],[46.047142028808594,13.593193054199219],[46.200294494628906,13.721768379211426],[46.16313934326172,14.428933143615723],[45.94615173339844,14.493220329284668],[45.816261291503906,14.81466007232666],[45.59922790527344,14.878947257995605],[46.34123229980469,15.007523536682129],[46.576133728027344,15.26467514038086],[46.579769134521484,15.328963279724121],[46.14939498901367,15.52182674407959],[46.38114929199219,15.714691162109375],[46.46971130371094,15.971842765808105],[46.39610290527344,15.971842765808105],[46.17527389526367,15.971842765808105],[46.0206184387207,15.843266487121582],[45.579044342041016,15.843266487121582],[45.365570068359375,15.971842765808105],[45.21470260620117,15.907554626464844],[45.22568130493164,16.100418090820312],[45.01214599609375,16.228994369506836],[45.019527435302734,16.35757064819336],[44.53721618652344,16.9361629486084],[44.622196197509766,17.129026412963867],[44.47471618652344,17.129026412963867],[44.338478088378906,17.321889877319336],[44.41978073120117,17.450464248657227],[44.08096694946289,17.964767456054688],[44.092315673828125,18.157629013061523],[43.88580322265625,18.414779663085938],[43.90468978881836,18.736217498779297],[43.6276969909668,19.057653427124023],[43.63893508911133,19.25051498413086],[43.498390197753906,19.379087448120117],[43.509552001953125,19.571949005126953],[43.30952835083008,19.95766830444336],[42.95718765258789,20.279102325439453],[42.80893325805664,20.279102325439453],[42.53019714355469,20.60053253173828],[40.543562948169324,19.223739434766685],[40.39784349986377,19.429133017250194],[40.39784349986377,19.429133017250194],[40.17137324342059,19.660966253092226],[40.17137324342059,19.660966253092226],[40.17137324342059,19.660966253092226],[39.97620048706937,19.793392349808357],[40.88160705566406,21.693397521972656],[40.15847396850586,22.079116821289062],[40.09416198730469,22.271976470947266],[39.877689361572266,22.400548934936523],[38.631995429141,22.438837145494517],[38.631995429141,22.438837145494517],[38.58676227050273,22.524924664328978],[40.282814025878906,24.329193115234375],[39.79480743408203,24.907808303833008],[39.72003173828125,24.907808303833008]]]}},{"type":"Feature","properties":{"Name":"Yuezhi","FromYear":1,"ToYear":13,"Area":458025.3145849502,"Type":"POLITY","Wikipedia":"Yuezhi","SeshatID":"af_tocharian","MemberOf":"","Components":""},"geometry":{"type":"Polygon","coordinates":[[[66.24002385471101,25.01173146131822],[71.7823257446289,40.16116714477539],[71.20909881591797,40.0964469909668],[71.07054138183594,39.90232849121094],[70.91268920898438,39.90232849121094],[70.95221710205078,40.031734466552734],[70.8140869140625,40.0964469909668],[70.75484466552734,39.90232849121094],[70.55796813964844,39.77294921875],[69.59239959716797,39.70827102661133],[69.33419799804688,39.90232849121094],[68.95865631103516,39.9670295715332],[68.99703216552734,40.0964469909668],[69.27286529541016,40.225894927978516],[69.3316421508789,40.42012023925781],[68.85665130615234,40.93837356567383],[68.89849853515625,41.32738494873047],[68.81898498535156,41.32738494873047],[58.74061119883373,51.3086001648378],[58.74061119883373,51.3086001648378],[58.74061119883373,51.3086001648378],[58.74061119883373,51.3086001648378],[58.6463729175839,51.235235907025356],[58.6463729175839,51.235235907025356],[58.6463729175839,51.235235907025356],[58.6463729175839,51.235235907025356],[58.6463729175839,51.235235907025356],[58.6463729175839,51.235235907025356],[58.6463729175839,51.235235907025356],[58.6463729175839,51.235235907025356],[66.24002385471101,25.01173146131822],[66.24002385471101,25.01173146131822],[64.75106811523438,35.77327346801758],[64.8285140991211,35.77327346801758],[64.85395812988281,35.194007873535156],[66.24002385471101,25.01173146131822],[66.24002385471101,25.01173146131822],[66.24002385471101,25.01173146131822],[66.24002385471101,25.01173146131822],[66.24002385471101,25.01173146131822],[66.0379867553711,34.614952087402344],[66.68873596191406,34.42197799682617],[66.81427001953125,34.2933349609375],[69.73943328857422,34.2933349609375],[69.98755645751953,34.03607940673828],[70.72654724121094,33.90746307373047],[70.83346557617188,34.03607940673828],[70.77163696289062,34.10039138793945],[70.9558334350586,34.22901916503906],[66.24002385471101,25.01173146131822],[66.24002385471101,25.01173146131822],[66.24002385471101,25.01173146131822],[66.24002385471101,25.01173146131822],[66.24002385471101,25.01173146131822],[66.24002385471101,25.01173146131822],[66.24002385471101,25.01173146131822],[66.24002385471101,25.01173146131822],[66.24002385471101,25.01173146131822],[66.24002385471101,25.01173146131822],[66.24002385471101,25.01173146131822],[66.24002385471101,25.01173146131822],[66.24002385471101,25.01173146131822],[66.24002385471101,25.01173146131822],[66.24002385471101,25.01173146131822],[66.24002385471101,25.01173146131822],[66.24002385471101,25.01173146131822],[73.57305908203125,39.57893371582031],[66.24002385471101,25.01173146131822],[66.24002385471101,25.01173146131822],[66.24002385471101,25.01173146131822],[66.24002385471101,25.01173146131822],[66.24002385471101,25.01173146131822],[66.24002385471101,25.01173146131822]],[[65.6748275756836,36.417205810546875],[65.75247955322266,36.417205810546875],[65.73731994628906,36.3527946472168],[65.6596908569336,36.3527946472168],[65.6748275756836,36.417205810546875]]]}},{"type":"Feature","properties":{"Name":"Indo-Scythians","FromYear":1,"ToYear":13,"Area":832240.4004465964,"Type":"POLITY","Wikipedia":"Indo-Scythians","SeshatID":"","MemberOf":"","Components":""},"geometry":{"type":"MultiPolygon","coordinates":[[[[71.43437379179426,20.406412067925217],[71.19646322447743,20.492547951085886],[70.95855265716058,20.578683834246558],[70.72064208984375,20.664819717407227],[70.09022439645386,20.56921745890607],[69.60131142783614,20.99095671643955],[69.5433510191825,21.057212145630537],[69.15845192876566,21.428024305971366],[69.08618959168801,21.502313804320067],[68.94945526123047,22.20768928527832],[68.61992298425798,22.649570069735887],[68.61992298425798,22.649570069735887],[68.61992298425798,22.649570069735887],[68.78096555132022,21.77656892243609],[68.61992298425798,22.649570069735887],[69.08419719276901,21.504362095617978],[68.61992298425798,22.649570069735887],[68.61992298425798,22.649570069735887],[68.61992298425798,22.649570069735887],[68.61992298425798,22.649570069735887],[68.61992298425798,22.649570069735887],[68.61992298425798,22.649570069735887],[68.61992298425798,22.649570069735887],[68.61992298425798,22.649570069735887],[68.61992298425798,22.649570069735887],[68.61992298425798,22.649570069735887],[68.61992298425798,22.649570069735887],[68.61992298425798,22.649570069735887],[68.61992298425798,22.649570069735887],[68.12814397281306,23.160382955893965],[68.12814397281306,23.160382955893965],[68.12814397281306,23.160382955893965],[68.12814397281306,23.160382955893965],[67.84211265294527,23.378132102930067],[66.81367236805943,24.38536339021846],[66.81367236805943,24.38536339021846],[66.81367236805943,24.38536339021846],[66.81367236805943,24.38536339021846],[66.81367236805943,24.38536339021846],[66.81367236805943,24.38536339021846],[66.81367236805943,24.38536339021846],[66.81367236805943,24.38536339021846],[66.81367236805943,24.38536339021846],[66.81367236805943,24.38536339021846],[66.81367236805943,24.38536339021846],[66.24002385471101,25.01173146131822],[66.24002385471101,25.01173146131822],[66.24002385471101,25.01173146131822],[66.24002385471101,25.01173146131822],[66.24002385471101,25.01173146131822],[66.24002385471101,25.01173146131822],[66.81367236805943,24.38536339021846],[66.81367236805943,24.38536339021846],[66.81367236805943,24.38536339021846],[68.12814397281306,23.160382955893965],[68.12814397281306,23.160382955893965],[68.12814397281306,23.160382955893965],[68.12814397281306,23.160382955893965],[72.3639010838599,20.87096274243669],[72.3639010838599,20.87096274243669],[72.3639010838599,20.87096274243669],[72.3639010838599,20.87096274243669],[72.3639010838599,20.87096274243669],[72.3639010838599,20.87096274243669],[72.3639010838599,20.87096274243669],[72.3639010838599,20.87096274243669],[72.3639010838599,20.87096274243669],[72.3639010838599,20.87096274243669],[72.3639010838599,20.87096274243669],[72.3639010838599,20.87096274243669],[72.3639010838599,20.87096274243669],[72.3639010838599,20.87096274243669],[72.3639010838599,20.87096274243669],[72.3639010838599,20.87096274243669],[72.40809668739871,20.829277962868105],[72.40809668739871,20.829277962868105],[72.40809668739871,20.829277962868105],[72.40809668739871,20.829277962868105],[72.40809668739871,20.829277962868105],[72.40809668739871,20.829277962868105],[72.40809668739871,20.829277962868105],[72.40809668739871,20.829277962868105],[72.40809668739871,20.829277962868105],[72.40809668739871,20.829277962868105],[72.3639010838599,20.87096274243669],[72.40809668739871,20.829277962868105],[72.3639010838599,20.87096274243669],[72.3639010838599,20.87096274243669],[72.3639010838599,20.87096274243669],[72.3639010838599,20.87096274243669],[72.3639010838599,20.87096274243669],[72.3639010838599,20.87096274243669],[72.4911880493164,21.950544357299805],[72.3639010838599,20.87096274243669],[72.3639010838599,20.87096274243669],[72.34249877929688,21.950544357299805],[72.3639010838599,20.87096274243669],[72.3639010838599,20.87096274243669],[72.3214340209961,21.7576847076416],[72.3639010838599,20.87096274243669],[72.13805137918874,20.75712438672829],[71.91220167451758,20.64328603101989],[71.68635196984641,20.52944767531149],[71.46050226517525,20.415609319603092],[71.43437379179426,20.406412067925217]],[[71.48663692947721,20.424808750492037],[71.42062078383815,20.401570993835055],[71.39449290782878,20.39237395243266],[71.46050226517525,20.415609319603092],[71.48663692947721,20.424808750492037]]],[[[65.43158633088444,24.92179916339296],[64.02615923123858,24.901772397706964],[64.02615923123858,24.901772397706964],[62.68269695329593,24.810151905811836],[60.48452825004074,24.869904977911006],[62.68269695329593,24.810151905811836],[62.68269695329593,24.810151905811836],[62.68269695329593,24.810151905811836],[63.82250960304242,24.906628457424347],[63.82250960304242,24.906628457424347],[63.82250960304242,24.906628457424347],[63.426448822021484,32.36451721191406],[63.872615814208984,33.84315490722656],[64.3238754272461,34.164703369140625],[64.02615923123858,24.901772397706964],[66.24002385471101,25.01173146131822],[66.24002385471101,25.01173146131822],[66.24002385471101,25.01173146131822],[66.24002385471101,25.01173146131822],[66.24002385471101,25.01173146131822],[66.0379867553711,34.614952087402344],[66.68873596191406,34.42197799682617],[66.81427001953125,34.2933349609375],[69.73943328857422,34.2933349609375],[69.98755645751953,34.03607940673828],[69.88106536865234,33.90746307373047],[69.34303283691406,33.90746307373047],[67.7095718383789,32.75019073486328],[67.65596008300781,32.493072509765625],[67.0674057006836,31.8503360748291],[66.77767944335938,31.143381118774414],[66.43708038330078,30.950578689575195],[66.24002385471101,25.01173146131822],[66.24002385471101,25.01173146131822],[65.43158633088444,24.92179916339296]]]]}},{"type":"Feature","properties":{"Name":"Parthian Empire","FromYear":1,"ToYear":42,"Area":2702892.536870868,"Type":"POLITY","Wikipedia":"Parthian Empire","SeshatID":"ir_parthian_emp_1","MemberOf":"","Components":""},"geometry":{"type":"MultiPolygon","coordinates":[[[[51.13168716430664,25.422143936157227],[51.13753128051758,25.48643684387207],[51.212406158447266,25.48643684387207],[51.20655059814453,25.422143936157227],[51.13168716430664,25.422143936157227]]],[[[50.66075897216797,26.000778198242188],[50.64872360229492,25.8721923828125],[50.42986297607422,25.936485290527344],[50.460208892822266,26.257951736450195],[50.68524169921875,26.257951736450195],[50.666831970214844,26.06507110595703],[50.66075897216797,26.000778198242188]]],[[[50.72632897227146,40.83344147343155],[50.72632897227146,40.83344147343155],[50.72632897227146,40.83344147343155],[50.72632897227146,40.83344147343155],[50.72632897227146,40.83344147343155],[50.72632897227146,40.83344147343155],[50.72632897227146,40.83344147343155],[50.72632897227146,40.83344147343155],[50.72632897227146,40.83344147343155],[50.72632897227146,40.83344147343155],[50.72632897227146,40.83344147343155],[50.72632897227146,40.83344147343155],[50.72632897227146,40.83344147343155],[50.72632897227146,40.83344147343155],[50.72632897227146,40.83344147343155],[58.64468614980547,51.234601954034815],[58.6463729175839,51.235235907025356],[58.6463729175839,51.235235907025356],[58.6463729175839,51.235235907025356],[58.6463729175839,51.235235907025356],[58.6463729175839,51.235235907025356],[58.6463729175839,51.235235907025356],[58.6463729175839,51.235235907025356],[58.6463729175839,51.235235907025356],[58.6463729175839,51.235235907025356],[58.6463729175839,51.235235907025356],[58.6463729175839,51.235235907025356],[58.6463729175839,51.235235907025356],[58.6463729175839,51.235235907025356],[66.24002385471101,25.01173146131822],[66.24002385471101,25.01173146131822],[64.75106811523438,35.77327346801758],[64.8285140991211,35.77327346801758],[64.85395812988281,35.194007873535156],[66.24002385471101,25.01173146131822],[64.02615923123858,24.901772397706964],[64.3238754272461,34.164703369140625],[63.872615814208984,33.84315490722656],[63.426448822021484,32.36451721191406],[63.82250960304242,24.906628457424347],[63.82250960304242,24.906628457424347],[63.82250960304242,24.906628457424347],[62.68269695329593,24.810151905811836],[62.68269695329593,24.810151905811836],[62.68269695329593,24.810151905811836],[60.48452825004074,24.869904977911006],[62.68269695329593,24.810151905811836],[64.02615923123858,24.901772397706964],[64.02615923123858,24.901772397706964],[65.43158633088444,24.92179916339296],[66.24002385471101,25.01173146131822],[66.4336166381836,29.665164947509766],[66.24002385471101,25.01173146131822],[66.24002385471101,25.01173146131822],[66.24002385471101,25.01173146131822],[66.24002385471101,25.01173146131822],[66.24002385471101,25.01173146131822],[66.24002385471101,25.01173146131822],[66.24002385471101,25.01173146131822],[66.24002385471101,25.01173146131822],[66.24002385471101,25.01173146131822],[66.24002385471101,25.01173146131822],[66.24002385471101,25.01173146131822],[66.24002385471101,25.01173146131822],[66.24002385471101,25.01173146131822],[66.81367236805943,24.38536339021846],[66.63977813720703,24.907808303833008],[66.64754486083984,24.97209930419922],[66.62029266357422,25.357851028442383],[66.34514617919922,25.55072784423828],[66.02147674560547,25.357851028442383],[64.8160629272461,25.29355812072754],[64.80064392089844,25.164974212646484],[64.2845230102539,25.229267120361328],[64.22502136230469,25.357851028442383],[63.82250960304242,24.906628457424347],[63.536216735839844,25.229267120361328],[62.68269695329593,24.810151905811836],[62.47393035888672,25.100683212280273],[62.16321284207186,24.711739135081018],[62.01787185668945,25.03639030456543],[61.71868133544922,25.03639030456543],[61.623129720414966,24.704992201667608],[61.12736892700195,25.100683212280273],[60.819423574498884,24.78732204198067],[60.48452825004074,24.869904977911006],[60.48452825004074,24.869904977911006],[59.060218811035156,25.357851028442383],[58.652777074762525,25.121020833917157],[57.957984924316406,25.55072784423828],[57.7402229309082,25.615020751953125],[57.67921447753906,25.743606567382812],[57.37953567504883,25.743606567382812],[57.175662994384766,25.936485290527344],[57.05242156982422,26.836584091186523],[56.714656829833984,27.158044815063477],[56.188377380371094,27.158044815063477],[56.098140716552734,27.029460906982422],[56.32361602783203,27.029460906982422],[56.30864334106445,26.900876998901367],[56.06119155883789,26.70800018310547],[55.60341262817383,26.643707275390625],[55.439002990722656,26.515121459960938],[55.28888702392578,26.515121459960938],[55.31023025512695,26.70800018310547],[55.542747497558594,26.772293090820312],[55.242313385009766,26.772293090820312],[54.83156204223633,26.450830459594727],[54.463233947753906,26.515121459960938],[54.25889205932617,26.70800018310547],[53.65812301635742,26.70800018310547],[53.46059036254883,26.96516990661621],[52.736968994140625,27.222335815429688],[52.478694915771484,27.608078002929688],[52.04855728149414,27.800947189331055],[51.5966796875,27.800947189331055],[51.31684494018555,27.993812561035156],[51.331298828125,28.12238883972168],[51.06624984741211,28.44382095336914],[51.028076171875,28.765243530273438],[50.80903244018555,28.829526901245117],[50.9150390625,29.08665657043457],[50.620323181152344,29.150936126708984],[50.65126037597656,29.40805435180664],[50.23628234863281,29.729440689086914],[50.0648078918457,30.179353713989258],[49.585899353027344,29.986536026000977],[48.942848205566406,30.307893753051758],[48.987266540527344,30.050809860229492],[48.36544418334961,29.922264099121094],[48.40353012084961,29.600887298583984],[56.825469219237675,25.788482517650664],[56.825469219237675,25.788482517650664],[56.825469219237675,25.788482517650664],[48.21538543701172,29.279497146606445],[56.825469219237675,25.788482517650664],[48.460411071777344,28.765243530273438],[48.562652587890625,28.315250396728516],[48.974143981933594,27.92952537536621],[56.825469219237675,25.788482517650664],[49.241947174072266,27.608078002929688],[56.825469219237675,25.788482517650664],[50.13496398925781,26.772293090820312],[50.468312708189174,26.71709168654805],[50.80166142712054,26.661890282275785],[51.135010146051904,26.606688878003517],[51.46835886498327,26.551487473731253],[51.801707583914634,26.49628606945899],[52.135056302845996,26.441084665186725],[52.468405021777365,26.38588326091446],[52.801753740708726,26.330681856642194],[53.135102459640095,26.27548045236993],[53.468451178571456,26.220279048097666],[53.80179989750282,26.165077643825402],[54.135148616434186,26.109876239553138],[54.46849733536555,26.05467483528087],[54.80184605429692,25.999473431008607],[55.13519477322828,25.944272026736343],[55.46854349215964,25.88907062246408],[55.80189221109101,25.833869218191815],[56.8019383678851,25.66826500537502],[56.46858964895374,25.723466409647283],[56.8019383678851,25.66826500537502],[56.474525127164185,25.707393278086005],[56.8019383678851,25.66826500537502],[55.819698645722355,25.785649823507974],[55.49228540500144,25.82477809621896],[55.164872164280524,25.863906368929946],[54.83745892355961,25.903034641640932],[54.510045682838694,25.94216291435192],[54.18263244211778,25.9812911870629],[53.855219201396864,26.020419459773887],[53.52780596067595,26.059547732484873],[53.20039271995503,26.09867600519586],[52.87297947923412,26.137804277906845],[52.5455662385132,26.176932550617828],[52.21815299779229,26.216060823328814],[51.89073975707137,26.2551890960398],[51.56332651635046,26.294317368750786],[51.23591327562954,26.333445641461772],[50.90850003490863,26.372573914172754],[50.58108679418771,26.41170218688374],[50.2536735534668,26.450830459594727],[50.22300720214844,26.129364013671875],[50.55195376043527,26.106309063257033],[50.880900318722105,26.08325411284219],[51.209846877008935,26.060199162427345],[51.53879343529577,26.037144212012503],[51.8677399935826,26.01408926159766],[52.19668655186943,25.99103431118282],[52.52563311015627,25.967979360767977],[52.8545796684431,25.94492441035313],[53.18352622672994,25.92186945993829],[53.51247278501677,25.898814509523447],[53.8414193433036,25.875759559108605],[54.170365901590436,25.852704608693763],[54.49931245987727,25.829649658278917],[54.828259018164104,25.806594707864075],[55.157205576450934,25.783539757449233],[55.486152134737765,25.76048480703439],[55.8150986930246,25.73742985661955],[56.8019383678851,25.66826500537502],[56.47299180959827,25.69131995578986],[56.8019383678851,25.66826500537502],[56.47239004110462,25.68489066501838],[56.8019383678851,25.66826500537502],[55.813293387543645,25.718141984305095],[55.483745060763155,25.73476764394845],[55.15419673398267,25.75139330359181],[54.82464840720219,25.76801896323517],[54.4951000804217,25.784644622878528],[54.16555175364122,25.801270282521887],[53.83600342686073,25.817895942165244],[53.506455100080245,25.834521601808603],[53.17690677329976,25.851147261451963],[52.84735844651927,25.86777292109532],[52.51781011973879,25.88439858073868],[52.1882617929583,25.901024240382036],[51.85871346617782,25.917649900025395],[51.529165139397335,25.934275559668755],[51.199616812616846,25.95090121931211],[50.87006848583636,25.96752687895547],[50.54052015905587,25.984152538598828],[50.21097183227539,26.000778198242188],[50.325462341308594,25.615020751953125],[50.60764694213867,25.422143936157227],[50.654117584228516,25.100683212280273],[50.72892761230469,25.100683212280273],[50.768985748291016,25.55072784423828],[50.92463302612305,25.615020751953125],[50.95453643798828,25.936485290527344],[51.12286376953125,26.129364013671875],[51.42281723022461,26.129364013671875],[51.697906494140625,25.8721923828125],[51.574989318847656,25.357851028442383],[51.71883010864258,25.29355812072754],[51.69002151489258,24.97209930419922],[51.52363204956055,24.779226303100586],[51.41082000732422,24.329193115234375],[51.85354995727539,24.264904022216797],[51.90695571899414,24.00774574279785],[52.28013229370117,24.00774574279785],[52.60029602050781,24.264904022216797],[53.11201095581055,24.136323928833008],[54.082523345947266,24.136323928833008],[54.099464416503906,24.329193115234375],[54.31781005859375,24.264904022216797],[54.55914306640625,24.457773208618164],[54.74416732788086,24.843517303466797],[55.14265441894531,25.100683212280273],[55.41188049316406,25.55072784423828],[55.9695930480957,25.8721923828125],[56.16815948486328,26.32224464416504],[56.47541046142578,26.386537551879883],[56.543277740478516,26.32224464416504],[56.38539123535156,25.55072784423828],[56.46027374267578,25.55072784423828],[56.42084503173828,25.164974212646484],[56.495662689208984,25.164974212646484],[56.821063178544534,25.105983377250425],[56.54487228393555,24.907808303833008],[56.74371313184074,24.803323130494878],[56.942553979745945,24.698837957156748],[57.14139482765114,24.594352783818618],[57.258482121021984,24.35595770813331],[57.37556941439283,24.117562632448003],[57.49265670776367,23.879167556762695],[58.811527252197266,23.622013092041016],[59.08000183105469,23.30057144165039],[59.404804939249175,23.393842938024648],[59.280067443847656,23.043420791625977],[59.2684440612793,22.914846420288086],[59.404804939249175,23.393842938024648],[59.404804939249175,23.393842938024648],[59.31027137830211,23.550068736940332],[59.08247979626089,23.683508166349664],[58.854688214219664,23.816947595758997],[58.62689663217844,23.95038702516833],[58.39910505013722,24.08382645457766],[58.088293656568126,24.175489694163524],[58.081456918107286,24.176476199389455],[57.93200069120563,24.19804194301577],[57.32719382295873,24.39363883707086],[57.27145008025622,24.438518433551938],[57.17552791683628,24.54887598687585],[56.99715994120544,24.74904497905021],[56.95741831537396,24.813900915379545],[56.89442052920407,24.91670950267911],[56.821063178544534,25.105983377250425],[56.58066879046358,25.024294108712965],[56.821063178544534,25.105983377250425],[56.821063178544534,25.105983377250425],[55.8594856262207,24.779226303100586],[55.84116744995117,24.586353302001953],[55.62303161621094,24.650644302368164],[54.812095642089844,23.943456649780273],[54.273193359375,23.75058937072754],[51.88096237182617,23.68630027770996],[51.82186508178711,23.879167556762695],[51.1657829284668,24.07203483581543],[51.10155487060547,24.200613021850586],[51.20280075073242,24.522062301635742],[51.13348388671875,24.586353302001953],[51.293853759765625,24.714935302734375],[51.327396392822266,25.100683212280273],[51.40220642089844,25.100683212280273],[51.26978302001953,25.29355812072754],[51.350433349609375,25.357851028442383],[51.32320022583008,25.8721923828125],[51.173316955566406,25.8721923828125],[51.23017883300781,25.67931365966797],[50.98196029663086,25.422143936157227],[50.96469497680664,25.229267120361328],[51.12009811401367,25.29355812072754],[50.920127868652344,24.714935302734375],[50.615760803222656,24.650644302368164],[50.34384536743164,24.97209930419922],[50.66675001745431,25.00690758925801],[50.989654667476984,25.0417158743168],[51.31255931749966,25.076524159375587],[51.635463967522334,25.111332444434378],[51.958368617545005,25.14614072949317],[52.28127326756768,25.18094901455196],[52.60417791759035,25.21575729961075],[52.92708256761303,25.250565584669538],[53.2499872176357,25.28537386972833],[53.57289186765837,25.32018215478712],[53.89579651768104,25.35499043984591],[54.21870116770371,25.3897987249047],[54.54160581772639,25.424607009963488],[54.864510467749064,25.45941529502228],[55.187415117771735,25.49422358008107],[55.51031976779441,25.52903186513986],[55.83322441781708,25.56384015019865],[56.8019383678851,25.66826500537502],[56.47903371786243,25.63345672031623],[56.8019383678851,25.66826500537502],[56.8019383678851,25.66826500537502],[56.8019383678851,25.66826500537502],[56.8019383678851,25.66826500537502],[56.8019383678851,25.66826500537502],[56.825469219237675,25.788482517650664],[56.825469219237675,25.788482517650664],[56.825469219237675,25.788482517650664],[56.825469219237675,25.788482517650664],[56.825469219237675,25.788482517650664],[56.825469219237675,25.788482517650664],[56.825469219237675,25.788482517650664],[56.825469219237675,25.788482517650664],[56.825469219237675,25.788482517650664],[56.825469219237675,25.788482517650664],[56.825469219237675,25.788482517650664],[56.825469219237675,25.788482517650664],[56.825469219237675,25.788482517650664],[47.653751373291016,29.665164947509766],[47.28971481323242,29.79371452331543],[46.97944259643555,29.729440689086914],[46.99397659301758,29.857990264892578],[46.84971618652344,29.922264099121094],[46.61511993408203,29.857990264892578],[46.590572357177734,30.307893753051758],[45.77046203613281,30.436433792114258],[44.95460891723633,31.271915435791016],[44.5814208984375,31.336183547973633],[44.459014892578125,31.593257904052734],[35.465659696617536,34.73326797539306],[35.465659696617536,34.73326797539306],[35.465659696617536,34.73326797539306],[35.465659696617536,34.73326797539306],[35.465659696617536,34.73326797539306],[35.465659696617536,34.73326797539306],[35.465659696617536,34.73326797539306],[40.62665939331055,34.164703369140625],[40.549720764160156,34.164703369140625],[40.47920608520508,34.87228775024414],[40.26304244995117,35.00096893310547],[40.27842712402344,35.12965774536133],[40.06206512451172,35.258358001708984],[39.938289642333984,35.51579284667969],[39.497074127197266,35.708900451660156],[35.437909373067555,36.05111430496254],[35.437909373067555,36.05111430496254],[35.437909373067555,36.05111430496254],[35.437909373067555,36.05111430496254],[35.437909373067555,36.05111430496254],[44.54173744582889,42.54941890442979],[42.62268829345703,37.06150817871094],[42.764678955078125,37.51277160644531],[42.773963928222656,37.5772590637207],[42.85201644897461,37.5772590637207],[42.861351013183594,37.641746520996094],[42.870723724365234,37.706241607666016],[42.880123138427734,37.7707405090332],[43.88600158691406,37.706241607666016],[43.94475173950195,37.5772590637207],[44.63739776611328,37.51277160644531],[44.773807525634766,37.38381576538086],[44.80312728881836,37.06150817871094],[45.2508544921875,36.932613372802734],[45.44583511352539,37.1904182434082],[45.290000915527344,37.1904182434082],[45.25165939331055,37.44829177856445],[45.17365264892578,37.44829177856445],[45.22376251220703,37.7707405090332],[45.634883880615234,37.89975357055664],[45.85390853881836,38.28691864013672],[46.12089157104492,38.48057174682617],[47.25161361694336,38.67427444458008],[48.32598876953125,38.09331130981445],[48.795413970947266,38.09331130981445],[48.87364959716797,38.09331130981445],[48.82852554321289,37.835243225097656],[49.703362120420024,40.46725532203725],[49.85409164428711,37.44829177856445],[50.41895592539635,40.35388825077541],[50.56571960449219,37.06150817871094],[50.632293701171875,36.9970588684082],[50.41895592539635,40.35388825077541],[50.503445166296906,40.37099217027491],[50.54407799570885,40.37921784061933],[53.08772277832031,36.80373764038086],[54.033294677734375,36.8681755065918],[54.09466552734375,37.1904182434082],[53.91046905517578,37.44829177856445],[53.90790557861328,37.835243225097656],[53.82976150512695,37.835243225097656],[53.98678207397461,38.997230529785156],[53.5175895690918,39.38497543334961],[53.13750457763672,39.449623107910156],[53.54492950439453,39.51427459716797],[53.498451232910156,40.031734466552734],[52.72255325317383,40.0964469909668],[52.71352767944336,40.42012023925781],[52.792659759521484,40.42012023925781],[52.89295959472656,40.873565673828125],[52.97228240966797,40.873565673828125],[52.943321228027344,40.74397277832031],[53.33966064453125,40.74397277832031],[53.448211669921875,40.873565673828125],[53.40435791015625,40.6791877746582],[54.543670654296875,40.80876541137695],[50.72632897227146,40.83344147343155],[50.72632897227146,40.83344147343155],[50.72632897227146,40.83344147343155],[50.72632897227146,40.83344147343155],[50.72632897227146,40.83344147343155]],[[56.98204040527344,35.644527435302734],[56.96971130371094,35.58015823364258],[57.047088623046875,35.58015823364258],[57.05944061279297,35.644527435302734],[56.98204040527344,35.644527435302734]],[[53.72779846191406,31.40045166015625],[53.7373161315918,31.464719772338867],[53.66114044189453,31.464719772338867],[53.651641845703125,31.40045166015625],[53.72779846191406,31.40045166015625]],[[53.61362838745117,31.65752601623535],[53.53740310668945,31.65752601623535],[53.52783203125,31.593257904052734],[53.604042053222656,31.593257904052734],[53.61362838745117,31.65752601623535]],[[47.39807891845703,38.157840728759766],[47.47633743286133,38.157840728759766],[47.487335205078125,38.22237777709961],[47.40904998779297,38.22237777709961],[47.39807891845703,38.157840728759766]],[[47.42006301879883,38.28691864013672],[47.431114196777344,38.351463317871094],[47.352783203125,38.351463317871094],[47.34175491333008,38.28691864013672],[47.42006301879883,38.28691864013672]]],[[[58.6463729175839,51.235235907025356],[58.6463729175839,51.235235907025356],[58.6463729175839,51.235235907025356],[58.6463729175839,51.235235907025356],[58.6463729175839,51.235235907025356]]]]}},{"type":"Feature","properties":{"Name":"Judea","FromYear":1,"ToYear":5,"Area":31869.528537185284,"Type":"POLITY","Wikipedia":"Judea","SeshatID":"il_judea","MemberOf":"","Components":""},"geometry":{"type":"Polygon","coordinates":[[[34.846256256103516,32.36451721191406],[34.758724212646484,32.23596954345703],[34.81304168701172,31.978878021240234],[34.57329559326172,31.8503360748291],[34.63344955444336,31.65752601623535],[34.30241012573242,31.336183547973633],[34.2972412109375,31.271915435791016],[34.43400573730469,31.079113006591797],[34.54050064086914,30.500701904296875],[34.985958099365234,30.372163772583008],[35.59312438964844,30.372163772583008],[35.760589599609375,30.564971923828125],[35.934932708740234,31.7217960357666],[35.85868835449219,31.7217960357666],[35.963470458984375,32.878753662109375],[36.05210876464844,33.00732421875],[35.69917678833008,33.32876968383789],[35.53378677368164,33.20018768310547],[35.39841842651367,32.557350158691406],[35.15760040283203,32.428794860839844],[34.85185623168945,32.428794860839844],[34.846256256103516,32.36451721191406]],[[34.84067153930664,32.30024337768555],[34.846256256103516,32.36451721191406],[34.922672271728516,32.36451721191406],[34.91707229614258,32.30024337768555],[34.84067153930664,32.30024337768555]]]}},{"type":"Feature","properties":{"Name":"Indo-Parthians","FromYear":1,"ToYear":13,"Area":487414.4041716091,"Type":"POLITY","Wikipedia":"Indo-Parthian Kingdom","SeshatID":"pk_indo_parthian_k","MemberOf":"","Components":""},"geometry":{"type":"Polygon","coordinates":[[[66.24002385471101,25.01173146131822],[66.24002385471101,25.01173146131822],[66.24002385471101,25.01173146131822],[66.24002385471101,25.01173146131822],[66.24002385471101,25.01173146131822],[66.24002385471101,25.01173146131822],[66.24002385471101,25.01173146131822],[66.24002385471101,25.01173146131822],[66.24002385471101,25.01173146131822],[70.9558334350586,34.22901916503906],[70.77163696289062,34.10039138793945],[70.83346557617188,34.03607940673828],[70.72654724121094,33.90746307373047],[69.98755645751953,34.03607940673828],[69.88106536865234,33.90746307373047],[69.34303283691406,33.90746307373047],[67.7095718383789,32.75019073486328],[67.65596008300781,32.493072509765625],[67.0674057006836,31.8503360748291],[66.77767944335938,31.143381118774414],[66.43708038330078,30.950578689575195],[66.24002385471101,25.01173146131822],[66.24002385471101,25.01173146131822],[66.4336166381836,29.665164947509766],[66.24002385471101,25.01173146131822],[66.24002385471101,25.01173146131822],[66.24002385471101,25.01173146131822],[66.24002385471101,25.01173146131822],[66.24002385471101,25.01173146131822],[66.24002385471101,25.01173146131822],[66.24002385471101,25.01173146131822],[66.24002385471101,25.01173146131822],[66.24002385471101,25.01173146131822],[66.24002385471101,25.01173146131822],[66.24002385471101,25.01173146131822],[66.24002385471101,25.01173146131822],[66.24002385471101,25.01173146131822],[66.81367236805943,24.38536339021846],[66.63977813720703,24.907808303833008],[66.63204956054688,24.843517303466797],[66.81367236805943,24.38536339021846],[66.848687198248,24.26923962637727],[67.28907775878906,24.07203483581543],[67.11113747932018,23.72061119717472],[67.21303414106848,23.595250001976364],[67.3674447665527,23.47695767633246],[67.84211265294527,23.378132102930067],[67.84211265294527,23.378132102930067],[68.12814397281306,23.160382955893965],[68.12814397281306,23.160382955893965],[68.15694420663165,23.111514594941983],[68.26005278169183,22.950544813024646],[68.95024871826172,22.914846420288086],[68.61992298425798,22.649570069735887],[68.61992298425798,22.649570069735887],[68.61992298425798,22.649570069735887],[68.61992298425798,22.649570069735887],[68.61992298425798,22.649570069735887],[68.61992298425798,22.649570069735887],[68.61992298425798,22.649570069735887],[68.12814397281306,23.160382955893965],[68.12814397281306,23.160382955893965],[68.12814397281306,23.160382955893965],[68.12814397281306,23.160382955893965],[67.84211265294527,23.378132102930067],[66.81367236805943,24.38536339021846],[66.81367236805943,24.38536339021846],[66.81367236805943,24.38536339021846],[66.81367236805943,24.38536339021846],[66.81367236805943,24.38536339021846],[66.81367236805943,24.38536339021846],[66.81367236805943,24.38536339021846],[66.81367236805943,24.38536339021846],[66.81367236805943,24.38536339021846],[66.81367236805943,24.38536339021846],[66.81367236805943,24.38536339021846],[66.24002385471101,25.01173146131822],[66.24002385471101,25.01173146131822],[66.24002385471101,25.01173146131822],[66.24002385471101,25.01173146131822],[66.24002385471101,25.01173146131822],[66.24002385471101,25.01173146131822],[66.24002385471101,25.01173146131822]]]}},{"type":"Feature","properties":{"Name":"Roman Empire","FromYear":1,"ToYear":5,"Area":3547327.536145702,"Type":"POLITY","Wikipedia":"Roman Empire","SeshatID":"it_roman_principate","MemberOf":"(Roman Empire)","Components":""},"geometry":{"type":"MultiPolygon","coordinates":[[[[8.991649722902043,37.09652684105533],[9.05947494506836,37.06150817871094],[9.338316737579476,37.16404064155854],[9.61715853009059,37.26657310440614],[9.993423461914062,37.1904182434082],[10.134459904788581,37.19858003991242],[10.220489528047956,37.05720110069975],[10.24153247016093,37.022619653970914],[10.228352546691895,36.80373764038086],[10.461837768554688,36.73930740356445],[11.006271362304688,36.9970588684082],[11.006199836730957,36.80373764038086],[10.462488174438477,36.417205810546875],[10.540250778198242,36.3527946472168],[10.463515281677246,35.902034759521484],[10.69615650177002,35.708900451660156],[10.828747340918325,35.72564294182004],[10.928420066833496,35.58015823364258],[11.010874870708761,35.58015823364258],[11.010874870708761,35.38706970214844],[11.005731582641602,35.38706970214844],[11.082771301269531,35.00096893310547],[10.85119342803955,34.93662643432617],[10.851213455200195,34.80794906616211],[10.536255632874626,34.56234220321773],[10.004497528076172,34.2933349609375],[10.081672668457031,34.22901916503906],[10.005777359008789,33.90746307373047],[10.23681354522705,33.71455001831055],[10.55707035172546,33.69849748895086],[10.697741508483887,33.52165222167969],[11.081541061401367,33.5859489440918],[11.157825469970703,33.20018768310547],[11.45844554903346,33.178934821921395],[11.715282122308928,33.05744728077637],[11.972118695584395,32.93595973963135],[12.228955268859863,32.81447219848633],[12.615686311385247,32.84947038497204],[12.534722328186035,32.75019073486328],[12.840824127197266,32.75019073486328],[12.841977332852615,32.87718688082303],[13.285236414942075,32.88067788601888],[13.453653335571289,32.81447219848633],[13.742011093878311,32.77228902918092],[13.759129524230957,32.75019073486328],[14.059471895511864,32.71707568614856],[14.444439888000488,32.493072509765625],[14.66105598380406,32.48090054305611],[14.749334335327148,32.428794860839844],[15.051920981181697,32.41111932297719],[15.266372869141103,32.288059909807195],[15.31911322125276,32.077881945283245],[15.371853573364417,31.8677039807593],[15.424593925476074,31.65752601623535],[15.572518359705347,31.587112985085657],[15.64897632598877,31.40045166015625],[16.178552627563477,31.20764923095703],[16.402819362039548,31.182152608221116],[16.62708609651562,31.156655985485198],[16.85135283099169,31.131159362749283],[17.82912286714462,30.896587243214366],[18.220124955413468,30.754170689318308],[18.406297562240425,30.563167230950658],[18.592470169067383,30.372163772583008],[18.88567769720978,30.354869747888443],[18.968589782714844,30.243623733520508],[19.655010223388672,30.372163772583008],[19.874400261333733,30.63996002811905],[19.92648683137897,30.720471358075685],[20.08343575523795,30.963070680399657],[20.144544688217408,31.147178906278437],[20.214296340942383,31.271915435791016],[20.007263275065803,31.59597786014336],[20.121299206879467,32.07959364400858],[20.154083622880115,32.11755685131775],[20.25197273395232,32.23090901891075],[20.41556481886521,32.420342932681365],[20.481992721557617,32.428794860839844],[20.581271687545357,32.52006235549427],[20.71593475341797,32.557350158691406],[20.69747175537502,32.57702708930727],[20.87124252319336,32.62162780761719],[21.11793053477126,32.783148504681634],[21.41167449951172,32.75019073486328],[21.876605897667208,32.92307166312898],[23.052567862118547,32.61811310356394],[23.077939987182617,32.36451721191406],[23.29851722717285,32.171695709228516],[23.680339813232422,32.171695709228516],[24.129365921020508,31.978878021240234],[24.38305671679128,31.97438720871335],[24.63674751256205,31.969896396186464],[24.890438308332822,31.965405583659578],[25.075414365098183,31.769689671422828],[25.102048873901367,31.593257904052734],[25.248035430908203,31.464719772338867],[26.84314094366764,31.44082495060242],[27.297456741333008,31.336183547973633],[27.514896392822266,31.143381118774414],[27.758441083530855,31.104944522534883],[28.001985774239447,31.06650792629535],[28.24553046494804,31.02807133005582],[28.48907515565663,30.98963473381629],[28.865032196044922,30.822044372558594],[29.3970890045166,30.822044372558594],[29.485143661499023,31.014846801757812],[29.633193969726562,30.950578689575195],[29.86956024169922,31.079113006591797],[29.813964653991412,31.181687567552604],[29.90446496786752,31.224219708974264],[30.33879280090332,31.271915435791016],[30.272729152107914,31.397291643134487],[30.36339424044679,31.439901223080426],[30.80877685546875,31.464719772338867],[30.965608596801758,31.528987884521484],[30.992634398431132,31.55668985439854],[31.193483336599414,31.57087307615507],[31.117990493774414,31.528987884521484],[31.265825271606445,31.464719772338867],[31.56121298320204,31.45782138392949],[31.85660069479764,31.45092299552011],[31.780553817749023,31.20764923095703],[31.93739891052246,31.271915435791016],[31.999635696411133,31.079113006591797],[32.303932189941406,31.079113006591797],[32.23719787597656,31.20764923095703],[32.53215408325195,31.079113006591797],[32.76515197753906,31.143381118774414],[32.8316764831543,31.014846801757812],[33.74934005737305,31.079113006591797],[34.22111892700195,31.271915435791016],[34.2972412109375,31.271915435791016],[34.43400573730469,31.079113006591797],[34.54050064086914,30.500701904296875],[33.837974548339844,30.243623733520508],[32.918514251708984,30.115081787109375],[32.60208906603197,29.922341416250656],[32.509293553109956,29.930936830001635],[32.38094480595532,29.571040888086053],[32.555522028232865,29.29178175208121],[32.68916320800781,28.958093643188477],[32.747919644568206,28.859002365653048],[33.09210599203206,28.368240023803168],[33.49522247787392,27.89666251220595],[33.585105895996094,27.608078002929688],[33.73430714588322,27.385940901781574],[33.913713178159995,27.022529461885373],[33.97344287440587,26.911534646877758],[34.05074691772461,26.57941436767578],[34.18911005913019,26.51076349322664],[34.279833647004764,26.297906456421927],[34.370557234879335,26.085049419617214],[34.461280822753906,25.8721923828125],[34.5763915086311,25.7910840783794],[34.6902193470416,25.56299612317715],[34.8040471854521,25.334908167974906],[34.91787502386259,25.106820212772657],[35.03170286227309,24.878732257570412],[35.145530700683594,24.650644302368164],[35.28898196140829,24.46688773295325],[35.397874613135684,24.264534121704024],[35.59540139433569,24.094326435951594],[35.77588951914626,23.946051336712827],[35.77588951914626,23.946051336712827],[35.561154488501806,23.96749512552028],[35.49989388622294,23.81876708803346],[35.10795974731445,23.879167556762695],[33.75636291503906,23.68630027770996],[33.6817741394043,23.68630027770996],[33.38899612426758,23.814878463745117],[33.60275771891429,24.015180579057272],[33.816519313561,24.21548269436943],[34.030280908207715,24.415784809681586],[34.244042502854434,24.61608692499374],[34.457804097501146,24.816389040305896],[34.67156569214786,25.016691155618055],[34.88532728679457,25.21699327093021],[34.77533009452687,25.421399433600996],[34.681806874723954,25.595192255821463],[34.665068623550454,25.62629670150465],[34.56943557037829,25.804010196007674],[34.42355698625401,26.075094220808243],[34.37096867035779,26.172818313869676],[34.33745790342294,26.235090878615136],[34.13894652013567,26.60398165907676],[33.81800377695876,27.200384832806577],[33.579875114849386,27.38162567753314],[33.34174645274001,27.562866522259704],[33.10361779063063,27.744107366986263],[32.865489128521254,27.925348211712826],[32.62736046641188,28.10658905643939],[32.389231804302504,28.287829901165953],[32.15110314219313,28.469070745892516],[31.91297448008375,28.650311590619076],[31.674845817974372,28.83155243534564],[31.436717155864997,29.012793280072202],[31.198588493755622,29.194034124798765],[32.349497917583705,29.6213443054628],[32.349497917583705,29.6213443054628],[29.80711566950359,31.17846877234235],[29.681834813714868,31.11959093150826],[29.556553957926145,31.06071309067417],[29.76981652109936,30.28147919315814],[29.531687858989986,30.4627200378847],[29.293559196880608,30.643960882611264],[29.055430534771233,30.825201727337827],[29.055430534771233,30.825201727337827],[29.055430534771233,30.825201727337827],[29.055430534771233,30.825201727337827],[29.055430534771233,30.825201727337827],[28.902315905794023,30.869656321938738],[28.69408792077033,30.93011227393113],[28.734401587555173,30.918407790004512],[28.314434636344924,31.040339056053437],[28.19000121005089,31.076466482659537],[28.146371818716023,31.08913363874664],[27.978263776023688,31.137941351876],[25.224079280942615,31.545820507946026],[25.17933190195876,31.539557196087884],[25.17933190195876,31.539557196087884],[25.17933190195876,31.539557196087884],[25.17933190195876,31.539557196087884],[25.17933190195876,31.539557196087884],[25.17933190195876,31.539557196087884],[25.17933190195876,31.539557196087884],[24.933262566021256,31.653326727337877],[24.68719323008375,31.767096258587873],[24.441123894146244,31.880865789837866],[24.19505455820874,31.994635321087863],[23.948985222271233,32.108404852337856],[23.50268139434147,32.24366261898184],[23.37927149452143,32.281063479980126],[23.348113827647246,32.29050618732768],[20.16541588633379,31.089789129681606],[20.15802223396175,31.07836060242029],[19.19106674194336,30.050809860229492],[18.28125762939453,30.050809860229492],[16.701202392578125,30.69350814819336],[15.489551544189453,30.950578689575195],[15.184454917907715,30.886310577392578],[15.187263488769531,31.079113006591797],[14.584433555603027,31.528987884521484],[14.586112022399902,31.65752601623535],[13.82862377166748,32.107421875],[13.454203249971412,32.8359365321722],[12.977232190169582,32.89375311781884],[12.993766474081108,32.89577826405956],[12.455889701843262,32.36451721191406],[11.767910957336426,32.30024337768555],[11.768352508544922,32.428794860839844],[11.539045333862305,32.428794860839844],[11.462910652160645,32.557350158691406],[11.309853553771973,32.493072509765625],[11.157184600830078,32.685909271240234],[10.521372917583761,33.66950104374405],[10.307643579773162,33.754984889265614],[10.329038473173933,33.74642772167619],[10.229938501206746,33.78606405228767],[10.190684441021233,33.801764227337884],[9.801037513267238,33.288530872984964],[9.62503719329834,33.13589859008789],[9.547471046447754,33.32876968383789],[9.623573303222656,33.45735549926758],[9.315913200378418,33.5859489440918],[9.082552909851074,34.03607940673828],[8.928751945495605,34.03607940673828],[8.927783012390137,34.164703369140625],[8.773378372192383,34.22901916503906],[8.0807523727417,34.22901916503906],[8.001612663269043,34.42197799682617],[7.614861011505127,34.55062484741211],[6.817271355083733,36.950323797650384],[6.817271355083733,36.950323797650384],[5.830456237552477,36.79519728875688],[5.575796443831402,36.723884087618],[5.216563347271261,36.672491766400356],[5.216563347271261,36.672491766400356],[5.290097236633301,35.12965774536133],[5.438797950744629,35.38706970214844],[5.338839530944824,36.3527946472168],[5.416472434997559,36.3527946472168],[5.412543037368603,36.69698922766252],[5.489109762879419,36.70656006835137],[5.56428337097168,36.67487716674805],[5.655191339396668,36.74611729559369],[6.105763912200928,36.80373764038086],[6.11890355799803,36.87597211968067],[6.338772566412086,37.02276668010173],[6.804664611816406,36.8681755065918],[7.193697929382324,36.8681755065918],[7.346271514892578,37.06150817871094],[7.654907687519359,36.98425252654296],[7.738344192504883,36.8681755065918],[8.516410827636719,36.8681755065918],[8.92269575784413,37.07169679568288],[8.991649722902043,37.09652684105533]],[[10.14969539642334,37.06150817871094],[10.149913787841797,36.9970588684082],[10.227764129638672,36.9970588684082],[10.220489528047956,37.05720110069975],[10.14969539642334,37.06150817871094]],[[13.070935249328613,32.81447219848633],[13.147479057312012,32.81447219848633],[13.148033142089844,32.878753662109375],[13.071471214294434,32.878753662109375],[13.070935249328613,32.81447219848633]],[[8.827044486999512,36.932613372802734],[8.904873847961426,36.932613372802734],[8.904301643371582,36.9970588684082],[8.826451301574707,36.9970588684082],[8.827044486999512,36.932613372802734]]],[[[14.883006912567307,36.173668026623055],[14.795731991702889,35.45579169145288],[14.579014761580964,35.489379056410634],[14.362297531459038,35.52296642136839],[14.145580301337114,35.55655378632614],[14.057646543172591,35.61637776102384],[14.571182250976562,35.9664192199707],[14.883006912567307,36.173668026623055]]],[[[21.011659389732984,37.258668953940116],[21.011659389732984,37.258668953940116],[20.788689560606333,37.33029926326136],[20.56571973147968,37.401929572582596],[20.342749902353027,37.47355988190384],[20.17905331310328,37.76504667134998],[20.387204832260707,37.63845224199751],[20.595356351418133,37.51185781264505],[20.803507870575558,37.38526338329258],[21.011659389732984,37.258668953940116],[21.011659389732984,37.258668953940116]]],[[[20.108285972529757,38.67116453406493],[20.108285972529757,38.67116453406493],[20.17905331310328,37.76504667134998],[19.98654835551841,37.91896258429899],[19.990891619895457,38.21693063174892],[19.995234884272506,38.51489867919886],[20.108285972529757,38.67116453406493],[20.108285972529757,38.67116453406493]]],[[[1.651834011077881,39.1264533996582],[1.657540321350098,38.997230529785156],[1.430543661117554,38.80344009399414],[1.192074179649353,38.8680305480957],[1.258725643157959,39.1264533996582],[1.573212385177612,39.1264533996582],[1.651834011077881,39.1264533996582]]],[[[20.151897430419922,39.64360046386719],[20.095835675711896,38.927050600763664],[19.89849178155875,38.9659285678942],[19.884506072328378,38.96984282551905],[20.151897430419922,39.64360046386719]]],[[[3.195430040359497,39.90232849121094],[3.515789270401001,39.77294921875],[3.295835733413696,39.320335388183594],[2.82365870475769,39.320335388183594],[2.658556938171387,39.51427459716797],[2.346148252487183,39.449623107910156],[2.338095426559448,39.64360046386719],[2.566675901412964,39.8376350402832],[3.19298791885376,39.9670295715332],[3.195430040359497,39.90232849121094]]],[[[4.13611364364624,40.0964469909668],[4.296207904815674,40.031734466552734],[4.594159763360401,39.854585390544486],[4.391724613841626,39.84893527379072],[4.189289464322852,39.843285157036966],[3.986854314804077,39.8376350402832],[3.745640516281128,39.9670295715332],[3.741101741790771,40.0964469909668],[4.057111263275146,40.0964469909668],[4.13611364364624,40.0964469909668]]],[[[9.343191146850586,41.19768524169922],[9.66163158416748,41.06801223754883],[9.742422103881836,40.74397277832031],[9.821690559387207,40.74397277832031],[9.823226928710938,40.355369567871094],[9.665326118469238,40.29063034057617],[9.744987487792969,40.16116714477539],[9.670903205871582,39.19107437133789],[9.120378494262695,39.19107437133789],[8.96590518951416,38.8680305480957],[8.415505409240723,38.93262481689453],[8.330102920532227,39.51427459716797],[8.40887451171875,39.51427459716797],[8.48337459564209,39.90232849121094],[8.324762344360352,39.9670295715332],[8.400031089782715,40.29063034057617],[8.32094955444336,40.29063034057617],[8.318660736083984,40.4848747253418],[8.159523010253906,40.54964065551758],[8.154606819152832,40.93837356567383],[8.552037239074707,40.873565673828125],[9.024832725524902,41.26253128051758],[9.342779159545898,41.26253128051758],[9.343191146850586,41.19768524169922]]],[[[7.973388195037842,52.11625671386719],[8.226768493652344,52.250450134277344],[8.653847694396973,52.18334197998047],[8.573037147521973,51.84812545776367],[8.83102035522461,51.580322265625],[8.747003555297852,51.51342010498047],[8.834827423095703,51.24601745605469],[9.088645935058594,51.24601745605469],[9.090576171875,51.04566955566406],[8.921613693237305,51.04566955566406],[8.840231895446777,50.77880859375],[9.093182563781738,50.77880859375],[9.179359436035156,50.578861236572266],[9.60075855255127,50.51224899291992],[9.433981895446777,50.312522888183594],[9.098519325256348,50.2459831237793],[9.183796882629395,50.11296081542969],[9.01596450805664,50.11296081542969],[8.933579444885254,49.98000717163086],[8.765059471130371,50.04647445678711],[8.517290115356445,49.78071212768555],[8.604745864868164,49.51522445678711],[8.437610626220703,49.51522445678711],[8.448798179626465,48.786521911621094],[8.61889362335205,48.52202224731445],[8.629266738891602,47.79592514038086],[8.877120971679688,47.79592514038086],[8.956541061401367,48.059749603271484],[9.120599746704102,48.191749572753906],[9.781913757324219,48.38986587524414],[9.864044189453125,48.52202224731445],[10.445115089416504,48.52202224731445],[10.943477630615234,48.786521911621094],[11.359525680541992,48.852684020996094],[11.694007873535156,49.11750411987305],[12.11134147644043,49.18375015258789],[12.938261032104492,48.72037124633789],[9.838882694732945,43.60928431547529],[14.257559776306152,48.257774353027344],[14.507759094238281,48.323814392089844],[14.6702241897583,48.191749572753906],[14.91871452331543,48.191749572753906],[9.838882694732945,43.60928431547529],[16.14301109313965,47.664100646972656],[16.138551712036133,47.53233337402344],[16.22102928161621,47.53233337402344],[16.12752342224121,47.20316696166992],[16.207611083984375,47.13737487792969],[16.04092025756836,47.07159423828125],[16.036643981933594,46.94007873535156],[16.11881446838379,46.94007873535156],[16.034515380859375,46.87434005737305],[16.019739151000977,46.414546966552734],[16.101640701293945,46.414546966552734],[16.009300231933594,46.08650588989258],[16.170631408691406,46.02093505859375],[16.166351318359375,45.889827728271484],[16.569950103759766,45.75876998901367],[16.486114501953125,45.693260192871094],[16.563074111938477,45.56227111816406],[16.97290802001953,45.62776184082031],[17.04945182800293,45.496795654296875],[18.0239200592041,45.431331634521484],[18.180891036987305,45.300437927246094],[18.590717315673828,45.36587905883789],[18.98788833618164,45.169586181640625],[19.15045738220215,45.169586181640625],[18.92653655214849,40.19406628713352],[18.92653655214849,40.19406628713352],[18.92653655214849,40.19406628713352],[18.92653655214849,40.19406628713352],[18.92653655214849,40.19406628713352],[18.92653655214849,40.19406628713352],[18.92653655214849,40.19406628713352],[18.92653655214849,40.19406628713352],[18.92653655214849,40.19406628713352],[22.032384872436523,44.5159797668457],[22.194320678710938,44.5159797668457],[18.92653655214849,40.19406628713352],[26.392832878521347,40.202337957806606],[22.76578712463379,44.58129119873047],[22.518192291259766,44.5159797668457],[22.509014129638672,44.38538360595703],[22.97541618347168,44.12431716918945],[22.875843048095703,43.86341094970703],[23.526037216186523,43.92862319946289],[23.92439079284668,43.86341094970703],[24.075435638427734,43.73301696777344],[24.156030654907227,43.73301696777344],[24.14060401916504,43.53750228881836],[26.392832878521347,40.202337957806606],[26.392832878521347,40.202337957806606],[26.188731316021347,40.035467840619106],[26.188731316021347,40.035467840619106],[26.18587808595355,40.03267382853386],[23.57497215270996,42.43117141723633],[23.32564926147461,42.30118942260742],[23.21365737915039,41.84651184082031],[23.44826316833496,41.781593322753906],[23.743696212768555,41.45711898803711],[25.680164337158203,41.781593322753906],[26.2325496673584,41.71668243408203],[26.574190139770508,41.97637939453125],[27.46413230895996,42.10627746582031],[27.316564559936523,42.236209869384766],[27.328767776489258,42.36617660522461],[27.174896240234375,42.43117141723633],[27.193193435668945,42.62621307373047],[27.4521484375,42.82133865356445],[27.65704917907715,43.276947021484375],[27.991680145263672,43.407203674316406],[28.018028259277344,43.6678352355957],[29.539251957838026,41.62485132771603],[29.979281984794465,41.84708663236306],[30.207530144146347,41.96259186405655],[30.207530144146347,41.96259186405655],[30.174403854837223,41.945828268973635],[29.885444740537537,41.79960019185834],[29.694782160060026,41.70311518362928],[29.75904438732656,41.73563515430785],[28.48109245300293,43.472347259521484],[28.159194946289062,43.472347259521484],[28.22636604309082,43.342071533203125],[27.89820098876953,43.276947021484375],[27.80489730834961,43.146724700927734],[27.84662628173828,42.75628662109375],[27.513538360595703,42.62621307373047],[27.494890213012695,42.43117141723633],[27.796031951904297,42.236209869384766],[27.783546447753906,42.10627746582031],[28.004253387451172,41.911441802978516],[27.979368209838867,41.65177917480469],[28.21833038330078,41.65177917480469],[28.352495193481445,41.39224624633789],[28.975934982299805,41.26253128051758],[28.96312141418457,41.132843017578125],[30.47923469543457,41.19768524169922],[30.62422752380371,41.06801223754883],[31.1800537109375,41.06801223754883],[31.534175872802734,41.39224624633789],[32.02653121948242,41.521995544433594],[32.04172897338867,41.65177917480469],[32.1933708190918,41.586883544921875],[32.694705963134766,41.781593322753906],[32.630775451660156,41.911441802978516],[34.027199262360746,43.62045330075793],[34.881736755371094,42.041324615478516],[35.121212005615234,42.041324615478516],[34.45417702209877,43.78299455786257],[35.953800201416016,41.71668243408203],[35.236290963410916,44.05024145052681],[35.46363365977135,44.129584051556606],[35.46363365977135,44.129584051556606],[35.46363365977135,44.129584051556606],[35.42144274779929,44.11485942327836],[35.336185190041896,44.08510453562103],[35.049139083438476,43.985354116885155],[34.36014977167772,43.75101384149813],[33.62873451473053,43.420796932994705],[34.577850341796875,40.93837356567383],[34.561397552490234,40.80876541137695],[34.791015625,40.74397277832031],[34.616146087646484,40.614410400390625],[34.48881149291992,40.225894927978516],[34.56786346435547,40.225894927978516],[34.53628921508789,39.9670295715332],[34.82843017578125,39.77294921875],[34.726253509521484,39.57893371582031],[34.766693115234375,39.25570297241211],[34.47871780395508,38.80344009399414],[33.67961502075195,38.67427444458008],[33.266754150390625,38.48057174682617],[33.304447174072266,38.09331130981445],[33.12809753417969,37.89975357055664],[33.09543228149414,37.5772590637207],[31.812425820743382,36.12756386035314],[31.816078337265026,36.12466634784124],[32.561539866192504,35.630512773297255],[32.561539866192504,35.630512773297255],[34.412657925039525,36.09064881758934],[34.72324590144382,36.33348311556148],[34.72324590144382,36.33348311556148],[34.72324590144382,36.33348311556148],[35.05380630493164,37.641746520996094],[35.67116928100586,37.5772590637207],[35.998069763183594,37.706241607666016],[36.34809112548828,38.028785705566406],[37.1146354675293,37.89975357055664],[37.13022994995117,38.028785705566406],[37.451019287109375,38.09331130981445],[38.31162643432617,38.09331130981445],[38.38986587524414,38.09331130981445],[38.38165283203125,38.028785705566406],[38.45986557006836,38.028785705566406],[38.45166015625,37.96426773071289],[38.4434814453125,37.89975357055664],[38.332977294921875,37.641746520996094],[37.989139556884766,37.38381576538086],[37.95802688598633,37.12596130371094],[38.176177978515625,36.9970588684082],[38.130165100097656,36.61045455932617],[38.2078857421875,36.61045455932617],[38.07014083862305,36.09519577026367],[38.42798614501953,35.837650299072266],[39.497074127197266,35.708900451660156],[39.938289642333984,35.51579284667969],[40.06206512451172,35.258358001708984],[40.27842712402344,35.12965774536133],[40.26304244995117,35.00096893310547],[40.47920608520508,34.87228775024414],[40.549720764160156,34.164703369140625],[40.472782135009766,34.164703369140625],[35.465659696617536,34.73326797539306],[40.403316497802734,34.22901916503906],[40.25685501098633,34.2933349609375],[39.12379455566406,34.48630142211914],[37.990238189697266,33.971771240234375],[35.465659696617536,34.73326797539306],[35.465659696617536,34.73326797539306],[35.465659696617536,34.73326797539306],[35.18405497471673,34.20067253752006],[35.18405497471673,34.20067253752006],[36.90095901489258,33.07160949707031],[36.716766357421875,32.75019073486328],[36.750667572021484,32.30024337768555],[36.5155143737793,32.23596954345703],[36.65636444091797,32.107421875],[36.491905212402344,31.978878021240234],[36.46286392211914,31.65752601623535],[36.38663864135742,31.65752601623535],[36.423099517822266,31.20764923095703],[36.2708854675293,31.20764923095703],[36.40085220336914,30.950578689575195],[36.15641784667969,30.757776260375977],[36.14565658569336,30.629240036010742],[35.83653259277344,30.564971923828125],[35.760589599609375,30.564971923828125],[35.934932708740234,31.7217960357666],[35.85868835449219,31.7217960357666],[35.963470458984375,32.878753662109375],[36.05210876464844,33.00732421875],[35.69917678833008,33.32876968383789],[35.53378677368164,33.20018768310547],[35.39841842651367,32.557350158691406],[35.15760040283203,32.428794860839844],[34.85185623168945,32.428794860839844],[34.857479095458984,32.493072509765625],[35.021759033203125,32.62162780761719],[35.05632781982422,33.00732421875],[35.21538543701172,33.07160949707031],[34.94765515525339,33.73600933111051],[35.34577560424805,33.65024948120117],[35.013324840379234,33.876405971183765],[35.4470100402832,33.90746307373047],[35.18405497471673,34.20067253752006],[35.64447784423828,34.3576545715332],[35.79212951660156,34.2933349609375],[36.048770904541016,34.55062484741211],[36.0682373046875,34.743614196777344],[35.92698669433594,34.87228775024414],[35.959747314453125,35.194007873535156],[35.88248825073242,35.194007873535156],[35.99294662475586,35.51579284667969],[35.84488296508789,35.58015823364258],[35.990074157714844,36.2239875793457],[35.84174346923828,36.28839111328125],[36.26490020751953,36.61045455932617],[36.28622817993164,36.80373764038086],[36.144901275634766,36.932613372802734],[35.833587646484375,36.932613372802734],[35.487709045410156,36.61045455932617],[35.11265563964844,36.73930740356445],[34.95038986206055,36.67487716674805],[34.892860412597656,36.8681755065918],[34.72324590144382,36.33348311556148],[34.57350220188283,36.24401651328856],[34.27628357164454,36.2662038132849],[33.97906494140625,36.28839111328125],[33.23829645347743,35.35152158639431],[32.713401794433594,36.03080368041992],[32.558349609375,36.03080368041992],[32.498512268066406,36.2239875793457],[31.80718988105326,36.131717489959954],[31.08603858947754,36.932613372802734],[30.619068145751953,36.932613372802734],[30.49193572998047,36.3527946472168],[30.02613639831543,36.3527946472168],[29.938032150268555,36.2239875793457],[29.239721298217773,36.2239875793457],[29.124916076660156,36.73930740356445],[28.736103057861328,36.73930740356445],[28.590524673461914,36.8681755065918],[28.357105255126953,36.8681755065918],[28.186922073364258,36.67487716674805],[28.03143882751465,36.67487716674805],[28.138330459594727,37.06150817871094],[28.065349578857422,37.12596130371094],[27.597978591918945,37.12596130371094],[27.53919219970703,37.38381576538086],[27.22254180908203,37.3193473815918],[27.309988021850586,37.44829177856445],[27.16343116760254,37.5772590637207],[27.2558650970459,37.7707405090332],[27.177743911743164,37.7707405090332],[27.27528190612793,38.028785705566406],[26.888994216918945,38.09331130981445],[26.820327758789062,38.22237777709961],[26.42890739440918,38.22237777709961],[26.38368797302246,38.67427444458008],[26.535762786865234,38.60969924926758],[26.594974517822266,38.351463317871094],[27.06496238708496,38.351463317871094],[27.079774856567383,38.54513168334961],[26.849470138549805,38.60969924926758],[26.95786476135254,38.997230529785156],[26.879291534423828,38.997230529785156],[26.894468307495117,39.19107437133789],[26.742225646972656,39.25570297241211],[26.84657859802246,39.57893371582031],[26.132457733154297,39.51427459716797],[26.2723331451416,40.29063034057617],[26.604726791381836,40.4848747253418],[26.683887481689453,40.4848747253418],[26.673099517822266,40.355369567871094],[27.46982192993164,40.42012023925781],[27.537628173828125,40.29063034057617],[27.695789337158203,40.29063034057617],[27.792133331298828,40.4848747253418],[27.950454711914062,40.4848747253418],[27.938817977905273,40.355369567871094],[29.046321868896484,40.355369567871094],[28.900379180908203,40.4848747253418],[28.91274642944336,40.614410400390625],[29.480079650878906,40.74397277832031],[29.493009567260742,40.873565673828125],[29.24864959716797,40.80876541137695],[29.10276222229004,40.93837356567383],[29.115554809570312,41.06801223754883],[28.632890701293945,41.00318908691406],[28.16880989074707,41.132843017578125],[28.077255249023438,41.00318908691406],[27.527481079101562,41.06801223754883],[27.017187118530273,40.6791877746582],[26.921367645263672,40.4848747253418],[26.62644386291504,40.74397277832031],[26.140260696411133,40.614410400390625],[26.082168579101562,40.873565673828125],[25.37845802307129,41.00318908691406],[24.34656524658203,41.00318908691406],[24.010608673095703,40.74397277832031],[23.698017120361328,40.80876541137695],[23.684629440307617,40.614410400390625],[23.83857536315918,40.54964065551758],[23.73737335205078,40.225894927978516],[23.267255783081055,40.29063034057617],[22.884185791015625,40.4848747253418],[22.89249038696289,40.614410400390625],[22.654850006103516,40.614410400390625],[22.55951499938965,40.355369567871094],[22.543659210205078,40.0964469909668],[22.701663970947266,40.0964469909668],[22.610868453979492,39.90232849121094],[23.135168075561523,39.449623107910156],[22.816326141357422,39.38497543334961],[22.797286987304688,39.06184005737305],[22.95830535888672,39.1264533996582],[23.492761611938477,38.8680305480957],[23.331829071044922,38.80344009399414],[23.025423049926758,38.93262481689453],[22.935583114624023,38.738853454589844],[23.16720199584961,38.67427444458008],[23.312631607055664,38.48057174682617],[23.626148223876953,38.48057174682617],[23.563383102416992,38.738853454589844],[24.030162811279297,38.67427444458008],[24.178871154785156,38.54513168334961],[24.158668518066406,38.22237777709961],[24.002099990844727,38.22237777709961],[23.9786319732666,37.835243225097656],[23.44280242919922,38.028785705566406],[23.208162307739258,38.028785705566406],[23.20083236694336,37.89975357055664],[23.044498443603516,37.89975357055664],[22.52028393846672,35.99836911303004],[23.342487335205078,37.641746520996094],[23.402393341064453,37.3193473815918],[22.52028393846672,35.99836911303004],[22.52028393846672,35.99836911303004],[21.981198603703092,36.296536663431596],[21.981198603703092,36.296536663431596],[21.981198603703092,36.296536663431596],[21.981198603703092,36.296536663431596],[23.056013107299805,36.67487716674805],[22.52028393846672,35.99836911303004],[21.981198603703092,36.296536663431596],[21.981198603703092,36.296536663431596],[22.35634422302246,36.67487716674805],[21.981198603703092,36.296536663431596],[21.335708908360626,36.65308984115321],[21.54787327700513,36.43804913624461],[21.431326063397343,36.53482828178433],[21.12959178330842,37.19892395289446],[21.12957324998116,37.19772240405613],[21.133691976828857,37.26442960968893],[21.11407043347907,37.274764324946375],[21.11407043347907,37.274764324946375],[21.133691976828857,37.26442960968893],[21.738431930541992,38.351463317871094],[20.108285972529757,38.67116453406493],[20.163791680480017,38.896576071232516],[20.163791680480017,38.896576071232516],[20.163791680480017,38.896576071232516],[20.29724884033203,39.38497543334961],[20.15495491027832,39.70827102661133],[19.460092285345638,39.293265952306854],[19.460092285345638,39.293265952306854],[19.453915142953118,39.29870838610196],[19.393062069102168,39.35232360242968],[20.00027847290039,39.77294921875],[20.009418487548828,39.9670295715332],[19.62952995300293,40.29063034057617],[19.47136878967285,40.29063034057617],[19.48629379272461,40.614410400390625],[19.2486515045166,40.614410400390625],[19.254547119140625,40.74397277832031],[19.498455047607422,40.873565673828125],[19.437559127807617,41.26253128051758],[19.523332595825195,41.39224624633789],[19.443790435791016,41.39224624633789],[19.529659271240234,41.521995544433594],[19.450061798095703,41.521995544433594],[19.54244041442871,41.781593322753906],[18.92653655214849,40.19406628713352],[18.143457412719727,42.62621307373047],[18.92653655214849,40.19406628713352],[17.107143904951556,39.974446403878915],[17.107143904951556,39.974446403878915],[17.107143904951556,39.974446403878915],[17.107143904951556,39.974446403878915],[17.107143904951556,39.974446403878915],[17.107143904951556,39.974446403878915],[17.107143904951556,39.974446403878915],[17.107143904951556,39.974446403878915],[17.107143904951556,39.974446403878915],[17.107143904951556,39.974446403878915],[14.489168361212762,40.16321858914944],[14.489168361212762,40.16321858914944],[13.41127755949617,40.80420571166911],[13.41127755949617,40.80420571166911],[13.41127755949617,40.80420571166911],[13.41127755949617,40.80420571166911],[13.41127755949617,40.80420571166911],[13.41127755949617,40.80420571166911],[13.41127755949617,40.80420571166911],[13.41127755949617,40.80420571166911],[13.41127755949617,40.80420571166911],[14.515777587890625,45.10417556762695],[11.807246324926211,41.57377895397184],[11.346197690217366,41.933941319087694],[14.189410209655762,45.03877639770508],[11.346197690217366,41.933941319087694],[11.346197690217366,41.933941319087694],[13.780906677246094,44.908016204833984],[11.346197690217366,41.933941319087694],[13.544051170349121,45.300437927246094],[9.838882694732945,43.60928431547529],[11.346197690217366,41.933941319087694],[9.838882694732945,43.60928431547529],[13.389599800109863,45.82429504394531],[13.144780158996582,45.82429504394531],[13.060476303100586,45.62776184082031],[12.816752433776855,45.693260192871094],[12.652192115783691,45.56227111816406],[12.162785530090332,45.496795654296875],[12.160021781921387,45.169586181640625],[12.40256118774414,45.03877639770508],[12.399906158447266,44.77729415893555],[12.157197952270508,44.842647552490234],[12.153728485107422,44.45067596435547],[12.312999725341797,44.18956756591797],[12.873446464538574,43.79821014404297],[13.035634994506836,43.86341094970703],[13.033763885498047,43.73301696777344],[13.355091094970703,43.6678352355957],[13.672640800476074,43.407203674316406],[13.747068405151367,43.08163070678711],[13.98537540435791,42.95146560668945],[13.901384353637695,42.75628662109375],[14.056464195251465,42.496177673339844],[14.370945930480957,42.236209869384766],[14.530768394470215,42.236209869384766],[14.607714653015137,42.10627746582031],[14.768959999084473,42.17123794555664],[14.765887260437012,42.041324615478516],[14.9239501953125,41.97637939453125],[15.165011405944824,42.041324615478516],[15.241438865661621,41.911441802978516],[16.11888313293457,41.911441802978516],[16.114879608154297,41.781593322753906],[15.87384033203125,41.71668243408203],[15.943941116333008,41.39224624633789],[17.20269203186035,41.00318908691406],[17.510658264160156,40.74397277832031],[17.981229782104492,40.614410400390625],[18.43811798095703,40.16116714477539],[18.34894371032715,39.90232849121094],[18.11216926574707,39.90232849121094],[17.813072204589844,40.355369567871094],[17.41753578186035,40.355369567871094],[17.345230102539062,40.54964065551758],[17.02848243713379,40.54964065551758],[16.867990493774414,40.4848747253418],[16.945016860961914,40.42012023925781],[16.861696243286133,40.29063034057617],[16.624452590942383,40.29063034057617],[16.855777338438372,40.11873890172765],[17.08710208593436,39.946847462879134],[17.08710208593436,39.946847462879134],[17.08710208593436,39.946847462879134],[17.13946607311244,39.91788015082321],[17.38321108885669,39.74302252541429],[17.47688382219032,39.48309087455391],[17.57055655552395,39.22315922369353],[17.433738970149527,39.03632671944369],[17.296921384775104,38.84949421519386],[17.16010379940068,38.66266171094402],[17.023286214026257,38.475829206694186],[16.742549132186525,38.00264507659093],[16.46893232462957,38.06895623634797],[16.53272347016969,37.84935742698345],[15.651377800396261,38.276495672650384],[15.648081901958705,38.267889715619106],[15.50025475352129,38.086127020306606],[15.572914409971695,38.197614955091936],[15.389483451843262,38.157840728759766],[15.066489219665527,37.641746520996094],[15.059245109558105,37.254878997802734],[15.213889122009277,37.1904182434082],[15.049844741821289,36.73930740356445],[14.661029815673828,36.73930740356445],[14.27791690826416,37.12596130371094],[13.578389167785645,37.254878997802734],[13.192005157470703,37.5772590637207],[12.490468978881836,37.706241607666016],[12.49189567565918,37.89975357055664],[12.649824142456055,38.09331130981445],[13.040358543395996,38.028785705566406],[13.119925498962402,38.157840728759766],[13.354706764221191,38.157840728759766],[13.665236473083496,37.96426773071289],[14.05618953704834,37.96426773071289],[14.322054247606326,38.016305721035806],[14.587918958164314,38.06834371135872],[14.8537836687223,38.12038170168164],[15.119648379280287,38.17241969200455],[15.385513089838275,38.22445768232747],[15.651377800396261,38.276495672650384],[15.64718860405901,38.52345816101704],[15.64299940772176,38.7704206493837],[15.63881021138451,39.01738313775036],[15.63881021138451,39.01738313775036],[15.63881021138451,39.01738313775036],[15.63881021138451,39.01738313775036],[15.390477323341116,39.58376320687903],[15.665508270263672,39.90232849121094],[15.383493913495386,39.602529627807144],[15.431868553161621,40.031734466552734],[15.199469566345215,40.225894927978516],[15.041359901428223,40.225894927978516],[14.893351554870605,40.6791877746582],[14.417906761169434,40.6791877746582],[14.421854972839355,40.873565673828125],[14.104567527770996,40.873565673828125],[13.950616836547852,41.132843017578125],[13.791753768920898,41.132843017578125],[13.714534759521484,41.26253128051758],[13.000019073486328,41.32738494873047],[12.922186851501465,41.45711898803711],[12.604641914367676,41.521995544433594],[12.130502700805664,41.911441802978516],[12.131669044494629,42.041324615478516],[11.812841415405273,42.10627746582031],[11.654799461364746,42.36617660522461],[11.494501113891602,42.30118942260742],[11.415224075317383,42.43117141723633],[11.255227088928223,42.43117141723633],[11.175962448120117,42.62621307373047],[11.015789985656738,42.62621307373047],[11.01634693145752,42.82133865356445],[10.535322189331055,43.08163070678711],[10.212339401245117,43.99384307861328],[9.889463424682617,43.99384307861328],[9.969700813293457,44.12431716918945],[9.7273588180542,44.12431716918945],[8.98878561435962,43.917118491548784],[8.774908156798745,43.94820856394074],[8.60034347037106,43.80727815626762],[8.435624422695152,43.65415236173824],[8.265982555643356,43.50712426063699],[7.9792955269401835,43.42725488805458],[7.69260849823701,43.34738551547216],[7.405921469533837,43.26751614288975],[6.993107318878174,43.53750228881836],[7.015902052301783,43.280567019859376],[7.038696785725392,43.02363175090039],[6.692722327522881,42.764195545977806],[6.416557180060352,42.701205331979736],[6.209782512435254,42.849711788295735],[6.003007844810156,42.998218244611735],[5.796233177185059,43.146724700927734],[5.631923198699951,43.276947021484375],[5.390771865844727,43.276947021484375],[5.386905193328857,43.407203674316406],[5.063065528869629,43.472347259521484],[4.177847862243652,43.472347259521484],[4.173032760620117,43.6026611328125],[3.850892543792725,43.6026611328125],[3.617136240005493,43.407203674316406],[3.140029191970825,43.276947021484375],[2.984907388687134,43.146724700927734],[3.1601375202157365,43.027391045696184],[3.335367651744339,42.90805739046463],[3.510597783272942,42.78872373523308],[3.3443299919096035,42.57745017022884],[3.178062200546265,42.36617660522461],[3.439513121961118,41.51945437713195],[3.2109831051011946,41.402470262372034],[2.9824530882412708,41.28548614761211],[2.7539230713813474,41.168502032852196],[2.555028848546669,41.082257765787574],[2.3281610337894945,40.90858475032226],[1.3794553924479072,40.6787836055798],[1.337425852352965,40.66735795338349],[0.8955392619137655,40.21615633170514],[0.7117750333585012,40.03464738945583],[0.5207633641058944,39.83446402197345],[0.321619872835265,39.64791295104527],[0.148635182679072,39.4136271875916],[0.18772927574908788,39.30188323823364],[0.3549985404288878,38.303708134790945],[-0.124942404695503,38.05836797811759],[-0.293280899139688,37.76790965384146],[-0.704753637313843,37.641746520996094],[-0.8708538890102204,37.48720113201128],[-1.036954140706598,37.332655743026464],[-1.2030543924029755,37.17811035404165],[-1.369154644099353,37.023564965056835],[-1.623468399047852,37.3193473815918],[-1.428074746043762,36.96561666093436],[-1.639259834230794,36.91165698741653],[-1.8504449224178259,36.85769731389869],[-2.061630010604858,36.80373764038086],[-2.468320161776912,36.55064083619683],[-2.6354176761613064,36.5170605532156],[-4.221922292313593,36.27755143567936],[-4.603502639790176,36.12154988237621],[-5.205119224253702,36.013384607483964],[-5.287947177886963,36.2239875793457],[-5.662277221679688,36.03080368041992],[-5.819207209115345,35.9831179154208],[-6.0514140449989,35.97167308508718],[-6.820069342631766,36.52492123864066],[-6.854540394699598,36.64890238881151],[-6.587993621826172,36.9970588684082],[-7.020971942693564,36.75058375292696],[-7.365085350088293,36.731371288639366],[-7.454815864562988,37.12596130371094],[-7.677903652191162,36.9970588684082],[-8.067157745361328,36.9970588684082],[-8.34377047565662,36.640104186299524],[-8.566700722962366,36.657982528318996],[-9.00136661529541,36.9970588684082],[-8.896896362304688,37.5772590637207],[-8.818843841552734,37.5772590637207],[-8.822718620300293,38.48057174682617],[-9.20852279663086,38.416015625],[-9.642238682190907,38.3138822100027],[-9.38370418548584,38.60969924926758],[-9.553065299987793,38.738853454589844],[-9.571974754333496,38.93262481689453],[-9.42748737335205,39.06184005737305],[-9.387048721313477,39.449623107910156],[-9.521816913124667,39.79900643840227],[-9.103915214538574,39.77294921875],[-9.427079614198911,39.981573461788976],[-8.925222396850586,40.355369567871094],[-8.846114158630371,40.355369567871094],[-8.872282981872559,40.614410400390625],[-8.72695255279541,40.74397277832031],[-8.956093788146973,42.17123794555664],[-9.31486177866691,42.243691884499185],[-9.078654289245605,42.56119155883789],[-9.100251197814941,42.75628662109375],[-9.275152206420898,42.88639831542969],[-9.30460262298584,43.146724700927734],[-9.158673286437988,43.276947021484375],[-8.851689338684082,43.407203674316406],[-8.369025230407715,43.407203674316406],[-8.39044189453125,43.6026611328125],[-8.243616104125977,43.73301696777344],[-7.276463031768799,43.73301696777344],[-7.075377882676094,44.015655998174736],[-7.075377882676094,44.015655998174736],[-5.584769438073483,44.03027173715011],[-5.360968261901677,43.99618527749332],[-5.137167085729872,43.96209881783652],[-4.913365909558066,43.92801235817973],[-3.467212915420532,43.472347259521484],[-3.184054492484415,43.86133891008242],[-1.867479059910124,43.8510610453215],[-1.388410806655884,43.6678352355957],[-1.348801136016846,44.25482940673828],[-1.267958283424377,44.25482940673828],[-1.286344885826111,44.5159797668457],[-1.205376982688904,44.5159797668457],[-1.251859068870544,45.169586181640625],[-1.170574903488159,45.169586181640625],[-1.189373373985291,45.431331634521484],[-1.031213998794556,45.496795654296875],[-1.045281529426575,45.693260192871094],[-1.213142395019531,45.75876998901367],[-1.141096234321594,45.889827728271484],[-1.222735166549683,45.889827728271484],[-1.251809358596802,46.283294677734375],[-1.666043281555176,46.348915100097656],[-2.014399528503418,46.61152267456055],[-2.024919986724854,46.74290466308594],[-2.194406032562256,46.808616638183594],[-2.541819166817845,46.85453053821692],[-2.232228517532349,47.26897048950195],[-2.561590671539307,47.26897048950195],[-2.578423976898193,47.46647262573242],[-2.825755596160889,47.46647262573242],[-3.046638250484875,47.15920499997702],[-3.155531167984009,47.46647262573242],[-3.417410284640539,47.262162586319334],[-3.757235288619995,47.730003356933594],[-3.934937715530396,47.86185836791992],[-4.424368858337402,47.79592514038086],[-4.692053318023682,47.993770599365234],[-4.705362796783447,48.1257438659668],[-5.114995906310128,48.147823257273444],[-5.114995906310128,48.147823257273444],[-4.891265392303467,48.323814392089844],[-4.911745548248291,48.52202224731445],[-4.599917888641357,48.72037124633789],[-3.866683521588755,49.1459512364375],[-3.4950352086344214,49.26288668324084],[-3.0470419917540825,49.260687807667054],[-3.046114139093504,49.26048389439552],[-3.046114139093504,49.26048389439552],[-2.263359762974005,49.87460829176922],[-2.263359762974005,49.87460829176922],[-2.263359762974005,49.87460829176922],[-2.263359762974005,49.87460829176922],[-2.263359762974005,49.87460829176922],[-2.031550645828247,49.78071212768555],[-1.361783027648926,49.78071212768555],[-1.636377556257514,50.12569600287384],[-0.13653363391385093,50.35144363858892],[-0.11709839591692095,50.354322933106985],[0.224112883210182,49.84712600708008],[1.052847385406494,49.98000717163086],[1.454967975616455,50.2459831237793],[1.424705147743225,50.71213912963867],[1.656218767166138,51.04566955566406],[2.577829360961914,51.17921447753906],[2.73940634727478,51.31283950805664],[3.409677743911743,51.44654083251953],[3.399252653121948,51.64724349975586],[3.738690614700317,51.64724349975586],[3.647099733352661,51.78114318847656],[3.81699013710022,51.78114318847656],[3.810401916503906,51.91512680053711],[3.980464458465576,51.91512680053711],[3.974021434783936,52.0491943359375],[4.223166942596436,52.18334197998047],[4.21693229675293,52.31757736206055],[4.463808536529541,52.51908493041992],[4.454747676849365,52.720787048339844],[4.699799060821533,52.99003219604492],[4.531023476772361,53.49117934901648],[4.970867156982422,52.653533935546875],[5.390830039978027,52.85536575317383],[5.385728359222412,52.99003219604492],[4.911981546858385,53.744837223430636],[5.10806747445082,53.793219081768775],[5.304153402043256,53.84160094010691],[5.500239329635691,53.88998279844505],[6.154130106733932,53.94768974363765],[6.36632439908884,53.826283970325896],[6.388235971695167,53.95699848872732],[6.790712983798656,54.07517362334613],[7.002907276153564,53.462066650390625],[7.179872989654541,53.25962829589844],[7.18629264831543,52.99003219604492],[7.019874095916748,52.78806686401367],[7.116903781890869,52.31757736206055],[7.287490367889404,52.31757736206055],[7.290561676025391,52.18334197998047],[7.462418079376221,52.11625671386719],[7.888226509094238,52.11625671386719],[7.973388195037842,52.11625671386719]],[[35.51771545410156,33.84315490722656],[35.14463977826915,34.14116648351806],[35.60073471069336,33.90746307373047],[35.52387237548828,33.90746307373047],[35.51771545410156,33.84315490722656]],[[31.218888526257103,36.36847820824187],[31.218888526257103,36.36847820824187],[31.218888526257103,36.36847820824187],[31.218888526257103,36.36847820824187],[31.218888526257103,36.36847820824187]],[[21.133691976828857,37.26442960968893],[21.133691976828857,37.26442960968893],[22.279848098754883,38.22237777709961],[22.20156478881836,38.22237777709961],[21.133691976828857,37.26442960968893]],[[22.35813331604004,38.22237777709961],[22.361600875854492,38.28691864013672],[22.283292770385742,38.28691864013672],[22.279848098754883,38.22237777709961],[22.35813331604004,38.22237777709961]],[[22.439908981323242,38.28691864013672],[22.432939529418945,38.157840728759766],[22.589460372924805,38.157840728759766],[21.133691976828857,37.26442960968893],[22.969919204711914,37.96426773071289],[22.9061222076416,38.22237777709961],[22.745981216430664,38.157840728759766],[22.83506965637207,38.351463317871094],[22.51470184326172,38.22237777709961],[22.603641510009766,38.416015625],[22.29022216796875,38.416015625],[22.361600875854492,38.28691864013672],[22.439908981323242,38.28691864013672]],[[21.133691976828857,37.26442960968893],[21.133691976828857,37.26442960968893],[21.133691976828857,37.26442960968893],[22.432939529418945,38.157840728759766],[21.133691976828857,37.26442960968893]],[[23.05537223815918,38.09331130981445],[23.059024810791016,38.157840728759766],[22.980764389038086,38.157840728759766],[22.977134704589844,38.09331130981445],[23.05537223815918,38.09331130981445]],[[22.984405517578125,38.22237777709961],[22.988061904907227,38.28691864013672],[22.909753799438477,38.28691864013672],[22.9061222076416,38.22237777709961],[22.984405517578125,38.22237777709961]],[[20.163791680480017,38.896576071232516],[20.163791680480017,38.896576071232516],[20.163791680480017,38.896576071232516],[20.163791680480017,38.896576071232516],[20.163791680480017,38.896576071232516]]],[[[9.492650985717773,42.88639831542969],[9.577608108520508,41.97637939453125],[9.497812271118164,41.97637939453125],[9.49889087677002,41.781593322753906],[9.262411117553711,41.39224624633789],[9.1038236618042,41.32738494873047],[8.783942222595215,41.521995544433594],[8.782108306884766,41.71668243408203],[8.622743606567383,41.71668243408203],[8.700496673583984,41.911441802978516],[8.538846015930176,42.10627746582031],[8.534564018249512,42.496177673339844],[8.772740364074707,42.691246032714844],[9.17282485961914,42.75628662109375],[9.251097679138184,43.016544342041016],[9.492270469665527,42.95146560668945],[9.492650985717773,42.88639831542969]]],[[[10.455124855041504,42.82133865356445],[10.455166816711426,42.691246032714844],[10.134566307067871,42.75628662109375],[10.134284973144531,42.88639831542969],[10.45510196685791,42.88639831542969],[10.455124855041504,42.82133865356445]]],[[[14.509830474853516,44.842647552490234],[14.502378463745117,44.5159797668457],[14.340442657470703,44.5159797668457],[14.269240379333496,44.973392486572266],[14.51131820678711,44.908016204833984],[14.509830474853516,44.842647552490234]]],[[[16.64687156677246,45.62776184082031],[16.56536293029785,45.62776184082031],[16.567655563354492,45.693260192871094],[16.64919662475586,45.693260192871094],[16.64687156677246,45.62776184082031]]],[[[10.030064582824707,48.52202224731445],[9.947053909301758,48.52202224731445],[9.94668960571289,48.5881233215332],[10.029735565185547,48.5881233215332],[10.030064582824707,48.52202224731445]]],[[[34.535736083984375,35.644527435302734],[34.19511795043945,35.32271194458008],[33.95713424682617,35.258358001708984],[34.08732223510742,35.00096893310547],[33.69539260864258,34.93662643432617],[33.523399353027344,34.743614196777344],[33.1320686340332,34.679283142089844],[33.04356002807617,34.55062484741211],[32.36665725708008,34.743614196777344],[32.229042053222656,34.93662643432617],[32.24578857421875,35.12965774536133],[32.55473709106445,35.12965774536133],[32.875247955322266,35.258358001708984],[32.886871337890625,35.38706970214844],[33.73737716674805,35.38706970214844],[34.14873123168945,35.644527435302734],[34.542076110839844,35.708900451660156],[34.535736083984375,35.644527435302734]]],[[[24.178620284216166,34.75119850232269],[23.641280908813464,34.79520358962622],[23.51245755106054,34.99826238734808],[23.383634193307614,35.20132118506994],[23.254810835554686,35.40437998279181],[23.12598747780176,35.60743878051367],[24.094865201722303,34.75805757479341],[24.098343554732885,34.75777271715053],[24.25366303669162,34.7450529209167],[25.791013424255713,34.77571997790284],[25.74596585170777,34.767593318015734],[26.015346050572134,34.816189971124174],[26.284726249436495,34.86478662423262],[26.17966789908941,34.84583391638889],[24.799129363210856,34.700382281804046],[24.717568122193917,34.70706169093695],[24.255383593457072,34.74491201694774],[24.178620284216166,34.75119850232269]]],[[[28.240577697753906,36.3527946472168],[28.139331817626953,36.03080368041992],[27.98427963256836,36.03080368041992],[27.897531509399414,35.902034759521484],[27.669618606567383,35.9664192199707],[27.7747802734375,36.3527946472168],[28.01713752746582,36.48161697387695],[28.245365142822266,36.417205810546875],[28.240577697753906,36.3527946472168]]],[[[23.113439559936523,36.28839111328125],[23.10675048828125,36.15959167480469],[22.87404441833496,36.15959167480469],[22.887205123901367,36.417205810546875],[23.116798400878906,36.3527946472168],[23.113439559936523,36.28839111328125]]],[[[27.107633590698242,36.80373764038086],[27.02080535888672,36.67487716674805],[26.865324020385742,36.67487716674805],[27.038949966430664,36.932613372802734],[27.19460678100586,36.932613372802734],[27.18541717529297,36.80373764038086],[27.107633590698242,36.80373764038086]]],[[[26.354869011333847,38.08130524296297],[26.258067253521403,38.1524722351503],[26.258067253521403,38.1524722351503],[26.331106251362154,38.09877521656129],[26.354869011333847,38.08130524296297]]],[[[26.201426628521233,38.263373114056606],[26.201426628521233,38.263373114056606],[24.201318740844727,37.641746520996094],[26.201426628521233,38.263373114056606],[26.201426628521233,38.263373114056606],[26.201426628521233,38.263373114056606]]],[[[26.258067253521403,38.1524722351503],[26.258067253521403,38.1524722351503],[26.226236739690105,38.21479555802888],[26.201426628521233,38.263373114056606],[26.24942361017978,38.169396265270656],[26.258067253521403,38.1524722351503]]],[[[26.304851531982422,37.5772590637207],[25.988245010375977,37.51277160644531],[26.079580307006836,37.706241607666016],[26.309354782104492,37.641746520996094],[26.304851531982422,37.5772590637207]]],[[[26.201426628521233,38.263373114056606],[26.201426628521233,38.263373114056606],[26.201426628521233,38.263373114056606],[26.201426628521233,38.263373114056606],[24.694225311279297,38.028785705566406],[26.201426628521233,38.263373114056606],[26.201426628521233,38.263373114056606]]],[[[26.13894271850586,38.54513168334961],[26.217344284057617,38.54513168334961],[26.194055557250977,38.22237777709961],[25.876405715942383,38.157840728759766],[25.82992172241211,38.60969924926758],[26.14362907409668,38.60969924926758],[26.13894271850586,38.54513168334961]]],[[[23.56732749938965,38.80344009399414],[23.563383102416992,38.738853454589844],[23.484909057617188,38.738853454589844],[23.488826751708984,38.80344009399414],[23.56732749938965,38.80344009399414]]],[[[24.674930572509766,38.93262481689453],[24.662033081054688,38.738853454589844],[24.35651969909668,38.8680305480957],[24.364974975585938,38.997230529785156],[24.59638214111328,38.93262481689453],[24.674930572509766,38.93262481689453]]],[[[26.35381507873535,39.320335388183594],[26.584882736206055,39.25570297241211],[26.643573760986328,38.997230529785156],[26.24588966369629,38.93262481689453],[26.09356689453125,38.997230529785156],[26.103172302246094,39.1264533996582],[25.793418884277344,39.19107437133789],[26.043895721435547,39.38497543334961],[26.348770168261108,39.35939721371324],[26.35381507873535,39.320335388183594]]],[[[25.46186065673828,40.031734466552734],[25.447328567504883,39.8376350402832],[24.973936080932617,39.8376350402832],[25.066978454589844,40.031734466552734],[25.382883071899414,40.031734466552734],[25.46186065673828,40.031734466552734]]]]}},{"type":"Feature","properties":{"Name":"Indo-Greeks","FromYear":1,"ToYear":223,"Area":74056.66672846331,"Type":"POLITY","Wikipedia":"Indo-Greek Kingdom","SeshatID":"","MemberOf":"","Components":""},"geometry":{"type":"MultiPolygon","coordinates":[[[[53.66114044189453,31.464719772338867],[53.7373161315918,31.464719772338867],[53.72779846191406,31.40045166015625],[53.651641845703125,31.40045166015625],[53.66114044189453,31.464719772338867]]],[[[53.53740310668945,31.65752601623535],[53.61362838745117,31.65752601623535],[53.604042053222656,31.593257904052734],[53.52783203125,31.593257904052734],[53.53740310668945,31.65752601623535]]],[[[72.3639010838599,20.87096274243669],[72.3639010838599,20.87096274243669],[72.3639010838599,20.87096274243669],[72.3639010838599,20.87096274243669],[72.3639010838599,20.87096274243669],[72.3639010838599,20.87096274243669],[68.12814397281306,23.160382955893965],[66.81367236805943,24.38536339021846],[66.81367236805943,24.38536339021846],[66.81367236805943,24.38536339021846],[66.24002385471101,25.01173146131822],[66.24002385471101,25.01173146131822],[66.24002385471101,25.01173146131822],[66.24002385471101,25.01173146131822],[66.24002385471101,25.01173146131822],[66.24002385471101,25.01173146131822],[66.24002385471101,25.01173146131822],[66.24002385471101,25.01173146131822],[66.24002385471101,25.01173146131822],[66.24002385471101,25.01173146131822],[66.24002385471101,25.01173146131822],[66.81367236805943,24.38536339021846],[72.3639010838599,20.87096274243669],[72.3639010838599,20.87096274243669]]],[[[66.24002385471101,25.01173146131822],[66.24002385471101,25.01173146131822],[66.24002385471101,25.01173146131822],[66.24002385471101,25.01173146131822],[66.24002385471101,25.01173146131822]]],[[[56.98204040527344,35.644527435302734],[57.05944061279297,35.644527435302734],[57.047088623046875,35.58015823364258],[56.96971130371094,35.58015823364258],[56.98204040527344,35.644527435302734]]],[[[65.6748275756836,36.417205810546875],[65.75247955322266,36.417205810546875],[65.73731994628906,36.3527946472168],[65.6596908569336,36.3527946472168],[65.6748275756836,36.417205810546875]]],[[[47.487335205078125,38.22237777709961],[47.47633743286133,38.157840728759766],[47.39807891845703,38.157840728759766],[47.40904998779297,38.22237777709961],[47.487335205078125,38.22237777709961]]],[[[47.431114196777344,38.351463317871094],[47.42006301879883,38.28691864013672],[47.34175491333008,38.28691864013672],[47.352783203125,38.351463317871094],[47.431114196777344,38.351463317871094]]]]}}]}